session_id,station_id,connector_no,started_at,ended_at,energy_kwh,status
SE000001,ST003,3,2026-06-01 00:26:00,2026-06-01 00:51:00,2.026,completed
SE000002,ST002,3,2026-06-01 00:34:00,2026-06-01 03:34:00,5.706,completed
SE000003,ST008,1,2026-06-01 00:34:00,2026-06-01 04:26:00,21.035,completed
SE000004,ST018,2,2026-06-01 01:46:00,2026-06-01 09:46:00,57.397,completed
SE000005,ST011,2,2026-06-01 01:52:00,2026-06-01 04:19:00,9.153,completed
SE000006,ST005,3,2026-06-01 02:04:00,2026-06-01 06:51:00,34.819,completed
SE000007,ST018,1,2026-06-01 02:17:00,2026-06-01 03:22:00,7.552,completed
SE000008,ST016,6,2026-06-01 03:28:00,2026-06-01 12:51:00,47.947,completed
SE000009,ST007,3,2026-06-01 03:39:00,2026-06-01 04:39:00,4.957,completed
SE000010,ST016,2,2026-06-01 04:02:00,2026-06-01 06:33:00,4.068,completed
SE000011,ST012,1,2026-06-01 04:47:00,2026-06-01 08:19:00,48.215,completed
SE000012,ST008,4,2026-06-01 05:00:00,2026-06-01 05:02:00,0.000,failed
SE000013,ST009,1,2026-06-01 06:18:00,2026-06-01 09:16:00,9.946,completed
SE000014,ST014,2,2026-06-01 07:00:00,2026-06-01 14:32:00,62.637,completed
SE000015,ST008,4,2026-06-01 07:01:00,2026-06-01 12:11:00,23.350,completed
SE000016,ST008,3,2026-06-01 07:15:00,2026-06-01 09:19:00,4.052,completed
SE000017,ST012,5,2026-06-01 07:17:00,2026-06-01 09:52:00,10.386,completed
SE000018,ST016,1,2026-06-01 07:17:00,2026-06-01 12:30:00,10.692,completed
SE000019,ST005,5,2026-06-01 08:25:00,2026-06-01 12:06:00,25.081,completed
SE000020,ST005,6,2026-06-01 08:51:00,2026-06-01 18:50:00,35.337,completed
SE000021,ST015,3,2026-06-01 09:03:00,2026-06-01 10:53:00,11.249,completed
SE000022,ST007,2,2026-06-01 09:12:00,2026-06-01 10:53:00,13.008,completed
SE000023,ST002,4,2026-06-01 09:24:00,2026-06-01 16:46:00,42.456,completed
SE000024,ST012,3,2026-06-01 09:25:00,2026-06-01 16:04:00,61.109,completed
SE000025,ST018,1,2026-06-01 09:27:00,2026-06-01 14:18:00,63.572,completed
SE000026,ST008,2,2026-06-01 09:41:00,2026-06-01 16:33:00,10.467,completed
SE000027,ST017,4,2026-06-01 09:42:00,2026-06-01 11:06:00,11.612,completed
SE000028,ST006,1,2026-06-01 09:46:00,2026-06-01 10:59:00,5.177,completed
SE000029,ST016,2,2026-06-01 09:46:00,2026-06-01 17:04:00,21.884,completed
SE000030,ST014,1,2026-06-01 09:57:00,2026-06-01 13:18:00,26.823,completed
SE000031,ST011,5,2026-06-01 10:08:00,2026-06-01 12:23:00,3.672,completed
SE000032,ST010,2,2026-06-01 10:10:00,2026-06-01 11:23:00,8.996,completed
SE000033,ST012,4,2026-06-01 10:11:00,2026-06-01 15:17:00,19.514,completed
SE000034,ST014,5,2026-06-01 10:17:00,2026-06-01 11:29:00,18.425,completed
SE000035,ST011,4,2026-06-01 10:19:00,2026-06-01 10:25:00,0.000,failed
SE000036,ST008,5,2026-06-01 10:26:00,2026-06-01 12:11:00,5.574,completed
SE000037,ST015,2,2026-06-01 10:39:00,2026-06-01 15:09:00,19.314,completed
SE000038,ST008,3,2026-06-01 10:49:00,2026-06-01 17:58:00,20.654,completed
SE000039,ST011,4,2026-06-01 10:54:00,2026-06-01 13:13:00,9.356,completed
SE000040,ST002,1,2026-06-01 11:05:00,2026-06-01 16:33:00,31.007,completed
SE000041,ST003,1,2026-06-01 11:55:00,2026-06-01 13:20:00,3.400,completed
SE000042,ST005,1,2026-06-01 12:34:00,2026-06-01 16:02:00,26.949,completed
SE000043,ST003,3,2026-06-01 12:48:00,2026-06-01 14:37:00,12.073,completed
SE000044,ST006,2,2026-06-01 13:05:00,2026-06-01 15:26:00,12.886,completed
SE000045,ST002,2,2026-06-01 13:25:00,2026-06-01 20:52:00,19.089,completed
SE000046,ST012,1,2026-06-01 13:38:00,2026-06-01 19:57:00,27.955,completed
SE000047,ST014,1,2026-06-01 13:41:00,2026-06-01 16:11:00,36.393,completed
SE000048,ST011,2,2026-06-01 13:57:00,2026-06-01 16:24:00,3.298,completed
SE000049,ST003,4,2026-06-01 14:03:00,2026-06-01 15:47:00,4.868,completed
SE000050,ST007,1,2026-06-01 14:03:00,2026-06-01 15:05:00,7.199,completed
SE000051,ST007,4,2026-06-01 14:08:00,2026-06-01 15:36:00,4.633,completed
SE000052,ST002,6,2026-06-01 14:11:00,2026-06-01 20:34:00,49.589,completed
SE000053,ST013,6,2026-06-01 14:13:00,2026-06-01 19:10:00,29.059,completed
SE000054,ST007,2,2026-06-01 14:21:00,2026-06-01 16:03:00,4.650,completed
SE000055,ST015,1,2026-06-01 14:34:00,2026-06-01 21:38:00,52.777,completed
SE000056,ST008,1,2026-06-01 14:53:00,2026-06-01 17:12:00,5.920,completed
SE000057,ST007,3,2026-06-01 15:30:00,2026-06-01 16:10:00,2.057,completed
SE000058,ST013,5,2026-06-01 15:56:00,2026-06-01 19:13:00,14.816,completed
SE000059,ST014,5,2026-06-01 16:55:00,2026-06-01 20:22:00,23.091,completed
SE000060,ST016,1,2026-06-01 16:56:00,2026-06-02 00:45:00,57.275,completed
SE000061,ST017,3,2026-06-01 17:05:00,2026-06-01 18:23:00,18.782,completed
SE000062,ST006,1,2026-06-01 17:28:00,2026-06-01 19:51:00,19.150,completed
SE000063,ST010,2,2026-06-01 17:33:00,2026-06-01 17:56:00,5.352,completed
SE000064,ST016,3,2026-06-01 17:33:00,2026-06-02 01:12:00,45.450,completed
SE000065,ST009,1,2026-06-01 17:44:00,2026-06-01 20:04:00,9.733,completed
SE000066,ST009,2,2026-06-01 18:04:00,2026-06-01 20:25:00,11.190,completed
SE000067,ST007,3,2026-06-01 18:12:00,2026-06-01 20:40:00,12.833,completed
SE000068,ST005,5,2026-06-01 18:22:00,2026-06-02 02:14:00,60.292,completed
SE000069,ST019,3,2026-06-01 18:32:00,2026-06-02 00:00:00,3.892,completed
SE000070,ST019,2,2026-06-01 18:35:00,2026-06-01 22:08:00,8.349,completed
SE000071,ST011,3,2026-06-01 18:44:00,2026-06-01 19:53:00,1.332,completed
SE000072,ST008,3,2026-06-01 18:46:00,2026-06-01 21:32:00,17.435,completed
SE000073,ST007,2,2026-06-01 18:55:00,2026-06-01 18:58:00,0.000,failed
SE000074,ST003,3,2026-06-01 19:27:00,2026-06-01 21:42:00,11.422,completed
SE000075,ST007,2,2026-06-01 19:58:00,2026-06-01 21:37:00,8.504,completed
SE000076,ST012,3,2026-06-01 20:31:00,2026-06-02 01:47:00,71.196,completed
SE000077,ST009,1,2026-06-01 20:37:00,2026-06-02 05:35:00,30.193,completed
SE000078,ST010,5,2026-06-01 20:52:00,2026-06-01 22:17:00,22.680,completed
SE000079,ST016,2,2026-06-01 21:15:00,2026-06-01 23:51:00,8.347,completed
SE000080,ST013,3,2026-06-01 21:31:00,2026-06-02 01:01:00,7.457,completed
SE000081,ST002,6,2026-06-01 21:32:00,2026-06-02 01:11:00,17.212,completed
SE000082,ST016,5,2026-06-01 21:45:00,2026-06-02 04:23:00,42.194,completed
SE000083,ST007,1,2026-06-01 21:50:00,2026-06-01 22:20:00,2.863,completed
SE000084,ST002,2,2026-06-01 22:19:00,2026-06-01 22:25:00,0.000,failed
SE000085,ST016,4,2026-06-01 22:43:00,2026-06-02 00:48:00,7.122,completed
SE000086,ST013,1,2026-06-01 22:53:00,2026-06-02 04:58:00,24.931,completed
SE000087,ST005,2,2026-06-01 23:28:00,2026-06-02 06:57:00,17.921,completed
SE000088,ST019,2,2026-06-02 02:00:00,2026-06-02 10:38:00,40.061,completed
SE000089,ST011,3,2026-06-02 02:32:00,2026-06-02 04:16:00,9.566,completed
SE000090,ST013,5,2026-06-02 02:34:00,2026-06-02 07:57:00,9.411,completed
SE000091,ST017,1,2026-06-02 04:59:00,2026-06-02 06:19:00,21.402,completed
SE000092,ST005,6,2026-06-02 05:02:00,2026-06-02 08:11:00,12.217,completed
SE000093,ST005,3,2026-06-02 07:28:00,2026-06-02 10:57:00,11.058,completed
SE000094,ST016,3,2026-06-02 07:31:00,2026-06-02 13:18:00,43.661,completed
SE000095,ST018,1,2026-06-02 07:40:00,2026-06-02 08:46:00,2.571,completed
SE000096,ST002,5,2026-06-02 07:57:00,2026-06-02 08:01:00,0.000,failed
SE000097,ST002,1,2026-06-02 08:00:00,2026-06-02 08:05:00,0.000,failed
SE000098,ST014,3,2026-06-02 08:13:00,2026-06-02 15:30:00,79.022,completed
SE000099,ST015,4,2026-06-02 08:39:00,2026-06-02 09:29:00,2.380,completed
SE000100,ST018,2,2026-06-02 08:40:00,2026-06-02 11:07:00,32.035,completed
SE000101,ST016,4,2026-06-02 08:43:00,2026-06-02 17:45:00,65.820,completed
SE000102,ST013,2,2026-06-02 09:22:00,2026-06-02 13:57:00,7.065,completed
SE000103,ST002,4,2026-06-02 09:29:00,2026-06-02 14:54:00,40.577,completed
SE000104,ST013,4,2026-06-02 09:33:00,2026-06-02 16:47:00,19.076,completed
SE000105,ST012,5,2026-06-02 09:35:00,2026-06-02 10:44:00,15.180,completed
SE000106,ST005,5,2026-06-02 09:50:00,2026-06-02 18:32:00,53.682,completed
SE000107,ST014,4,2026-06-02 09:52:00,2026-06-02 12:54:00,19.175,completed
SE000108,ST010,5,2026-06-02 10:11:00,2026-06-02 11:59:00,18.905,completed
SE000109,ST009,2,2026-06-02 11:06:00,2026-06-02 21:03:00,78.545,completed
SE000110,ST006,2,2026-06-02 12:05:00,2026-06-02 12:50:00,10.282,completed
SE000111,ST018,1,2026-06-02 12:31:00,2026-06-02 14:50:00,17.839,completed
SE000112,ST010,3,2026-06-02 12:33:00,2026-06-02 14:09:00,20.448,completed
SE000113,ST011,4,2026-06-02 12:42:00,2026-06-02 13:18:00,1.561,completed
SE000114,ST002,1,2026-06-02 13:50:00,2026-06-02 16:03:00,6.836,completed
SE000115,ST012,3,2026-06-02 13:52:00,2026-06-02 19:24:00,66.493,completed
SE000116,ST010,1,2026-06-02 14:22:00,2026-06-02 16:44:00,8.970,completed
SE000117,ST013,2,2026-06-02 15:16:00,2026-06-02 22:27:00,36.466,completed
SE000118,ST010,5,2026-06-02 15:36:00,2026-06-02 16:45:00,6.333,completed
SE000119,ST010,2,2026-06-02 16:00:00,2026-06-02 18:10:00,29.133,completed
SE000120,ST010,4,2026-06-02 16:30:00,2026-06-02 18:13:00,15.294,completed
SE000121,ST017,5,2026-06-02 16:39:00,2026-06-02 19:02:00,23.736,completed
SE000122,ST016,5,2026-06-02 17:03:00,2026-06-02 20:54:00,17.471,completed
SE000123,ST006,2,2026-06-02 17:39:00,2026-06-02 18:20:00,3.472,completed
SE000124,ST019,2,2026-06-02 17:40:00,2026-06-03 03:16:00,18.167,completed
SE000125,ST016,1,2026-06-02 18:30:00,2026-06-02 18:33:00,0.000,failed
SE000126,ST018,1,2026-06-02 18:49:00,2026-06-02 23:13:00,59.266,completed
SE000127,ST007,2,2026-06-02 18:56:00,2026-06-02 21:00:00,15.619,completed
SE000128,ST016,3,2026-06-02 18:59:00,2026-06-02 21:21:00,5.051,completed
SE000129,ST017,5,2026-06-02 19:16:00,2026-06-02 21:28:00,31.896,completed
SE000130,ST010,4,2026-06-02 19:22:00,2026-06-02 21:40:00,35.560,completed
SE000131,ST010,2,2026-06-02 19:44:00,2026-06-02 19:50:00,0.000,failed
SE000132,ST014,5,2026-06-02 19:50:00,2026-06-03 00:24:00,36.416,completed
SE000133,ST013,6,2026-06-02 19:52:00,2026-06-03 02:44:00,22.207,completed
SE000134,ST016,6,2026-06-02 20:01:00,2026-06-02 22:12:00,13.397,completed
SE000135,ST016,2,2026-06-02 20:29:00,2026-06-02 22:09:00,7.036,completed
SE000136,ST009,1,2026-06-02 20:56:00,2026-06-02 22:41:00,11.356,completed
SE000137,ST002,3,2026-06-02 21:14:00,2026-06-03 00:20:00,22.404,completed
SE000138,ST005,3,2026-06-02 21:50:00,2026-06-03 03:35:00,18.117,completed
SE000139,ST016,1,2026-06-02 22:27:00,2026-06-03 05:28:00,21.819,completed
SE000140,ST016,2,2026-06-02 22:31:00,2026-06-03 05:40:00,23.447,completed
SE000141,ST016,4,2026-06-02 22:38:00,2026-06-03 03:50:00,27.179,completed
SE000142,ST005,5,2026-06-02 22:51:00,2026-06-03 03:25:00,25.384,completed
SE000143,ST017,5,2026-06-03 01:30:00,2026-06-03 03:55:00,15.769,completed
SE000144,ST012,2,2026-06-03 02:07:00,2026-06-03 05:17:00,36.046,completed
SE000145,ST002,2,2026-06-03 02:37:00,2026-06-03 04:59:00,17.762,completed
SE000146,ST013,3,2026-06-03 02:42:00,2026-06-03 09:32:00,46.209,completed
SE000147,ST013,1,2026-06-03 03:38:00,2026-06-03 05:07:00,2.238,completed
SE000148,ST014,5,2026-06-03 04:47:00,2026-06-03 06:23:00,12.365,completed
SE000149,ST009,1,2026-06-03 05:11:00,2026-06-03 15:04:00,14.157,completed
SE000150,ST011,5,2026-06-03 05:54:00,2026-06-03 08:24:00,7.725,completed
SE000151,ST002,5,2026-06-03 06:09:00,2026-06-03 09:44:00,10.058,completed
SE000152,ST005,5,2026-06-03 06:21:00,2026-06-03 14:43:00,57.259,completed
SE000153,ST014,1,2026-06-03 06:44:00,2026-06-03 11:36:00,71.865,completed
SE000154,ST012,3,2026-06-03 07:06:00,2026-06-03 09:40:00,26.930,completed
SE000155,ST014,5,2026-06-03 07:33:00,2026-06-03 08:18:00,2.778,completed
SE000156,ST008,2,2026-06-03 07:37:00,2026-06-03 07:45:00,0.000,failed
SE000157,ST005,3,2026-06-03 07:58:00,2026-06-03 09:31:00,7.008,completed
SE000158,ST015,3,2026-06-03 08:49:00,2026-06-03 09:55:00,8.500,completed
SE000159,ST016,5,2026-06-03 08:58:00,2026-06-03 09:06:00,0.000,failed
SE000160,ST012,1,2026-06-03 09:05:00,2026-06-03 12:13:00,13.443,completed
SE000161,ST008,1,2026-06-03 09:08:00,2026-06-03 10:25:00,10.236,completed
SE000162,ST002,2,2026-06-03 09:33:00,2026-06-03 15:56:00,51.023,completed
SE000163,ST015,2,2026-06-03 09:52:00,2026-06-03 11:49:00,4.295,completed
SE000164,ST017,1,2026-06-03 09:59:00,2026-06-03 11:08:00,5.644,completed
SE000165,ST003,1,2026-06-03 10:03:00,2026-06-03 12:19:00,13.285,completed
SE000166,ST011,4,2026-06-03 10:10:00,2026-06-03 11:45:00,6.217,completed
SE000167,ST012,5,2026-06-03 10:21:00,2026-06-03 16:47:00,11.985,completed
SE000168,ST002,5,2026-06-03 10:27:00,2026-06-03 17:47:00,15.689,completed
SE000169,ST017,3,2026-06-03 10:30:00,2026-06-03 12:25:00,14.761,completed
SE000170,ST006,1,2026-06-03 10:44:00,2026-06-03 11:10:00,4.905,completed
SE000171,ST010,5,2026-06-03 11:00:00,2026-06-03 11:48:00,12.045,completed
SE000172,ST011,2,2026-06-03 11:20:00,2026-06-03 11:24:00,0.000,failed
SE000173,ST017,1,2026-06-03 11:27:00,2026-06-03 12:46:00,10.842,completed
SE000174,ST012,2,2026-06-03 11:32:00,2026-06-03 19:13:00,123.179,completed
SE000175,ST011,2,2026-06-03 11:44:00,2026-06-03 12:31:00,2.569,completed
SE000176,ST015,3,2026-06-03 12:21:00,2026-06-03 14:52:00,17.656,completed
SE000177,ST016,3,2026-06-03 12:25:00,2026-06-03 19:12:00,43.303,completed
SE000178,ST015,2,2026-06-03 12:41:00,2026-06-03 18:25:00,20.128,completed
SE000179,ST007,3,2026-06-03 12:46:00,2026-06-03 12:51:00,0.000,failed
SE000180,ST015,1,2026-06-03 12:55:00,2026-06-03 19:10:00,25.898,completed
SE000181,ST002,1,2026-06-03 13:08:00,2026-06-03 14:44:00,7.698,completed
SE000182,ST014,3,2026-06-03 13:16:00,2026-06-03 18:22:00,53.029,completed
SE000183,ST007,4,2026-06-03 13:22:00,2026-06-03 13:49:00,2.732,completed
SE000184,ST007,4,2026-06-03 14:05:00,2026-06-03 14:44:00,0.791,completed
SE000185,ST007,4,2026-06-03 14:46:00,2026-06-03 16:36:00,6.930,completed
SE000186,ST011,3,2026-06-03 15:03:00,2026-06-03 16:36:00,6.068,completed
SE000187,ST012,4,2026-06-03 15:09:00,2026-06-03 17:54:00,13.156,completed
SE000188,ST008,1,2026-06-03 15:32:00,2026-06-03 20:23:00,22.002,completed
SE000189,ST011,2,2026-06-03 15:53:00,2026-06-03 18:01:00,5.650,completed
SE000190,ST017,6,2026-06-03 16:10:00,2026-06-03 16:16:00,0.000,failed
SE000191,ST018,2,2026-06-03 16:28:00,2026-06-03 18:20:00,20.875,completed
SE000192,ST011,5,2026-06-03 16:41:00,2026-06-03 16:45:00,0.000,failed
SE000193,ST002,1,2026-06-03 16:44:00,2026-06-03 22:22:00,44.629,completed
SE000194,ST010,3,2026-06-03 17:13:00,2026-06-03 19:12:00,27.268,completed
SE000195,ST007,1,2026-06-03 17:16:00,2026-06-03 17:57:00,2.438,completed
SE000196,ST017,3,2026-06-03 17:24:00,2026-06-03 18:05:00,5.019,completed
SE000197,ST008,5,2026-06-03 17:28:00,2026-06-03 22:54:00,17.658,completed
SE000198,ST009,2,2026-06-03 17:43:00,2026-06-03 22:27:00,22.809,completed
SE000199,ST017,1,2026-06-03 18:06:00,2026-06-03 20:08:00,8.039,completed
SE000200,ST010,4,2026-06-03 18:12:00,2026-06-03 20:21:00,21.039,completed
SE000201,ST017,6,2026-06-03 19:00:00,2026-06-03 19:59:00,14.028,completed
SE000202,ST007,1,2026-06-03 19:02:00,2026-06-03 21:06:00,16.495,completed
SE000203,ST011,2,2026-06-03 19:05:00,2026-06-03 20:49:00,5.020,completed
SE000204,ST007,3,2026-06-03 19:13:00,2026-06-03 20:10:00,5.083,completed
SE000205,ST011,1,2026-06-03 19:15:00,2026-06-03 19:54:00,2.129,completed
SE000206,ST006,1,2026-06-03 19:42:00,2026-06-03 20:46:00,4.964,completed
SE000207,ST010,2,2026-06-03 19:51:00,2026-06-03 21:13:00,9.919,completed
SE000208,ST012,1,2026-06-03 20:22:00,2026-06-04 01:06:00,74.733,completed
SE000209,ST005,2,2026-06-03 20:28:00,2026-06-04 03:33:00,29.603,completed
SE000210,ST015,4,2026-06-03 20:51:00,2026-06-04 02:48:00,11.673,completed
SE000211,ST004,2,2026-06-03 20:58:00,2026-06-04 04:32:00,118.023,completed
SE000212,ST005,1,2026-06-03 21:03:00,2026-06-04 04:59:00,64.109,completed
SE000213,ST016,2,2026-06-03 21:05:00,2026-06-03 23:16:00,10.359,completed
SE000214,ST005,6,2026-06-03 21:35:00,2026-06-04 05:28:00,34.439,completed
SE000215,ST017,4,2026-06-03 22:07:00,2026-06-03 22:53:00,1.623,completed
SE000216,ST010,1,2026-06-03 22:13:00,2026-06-04 00:27:00,24.067,completed
SE000217,ST004,3,2026-06-03 22:22:00,2026-06-04 01:58:00,39.879,completed
SE000218,ST002,6,2026-06-03 22:40:00,2026-06-03 22:46:00,0.000,failed
SE000219,ST013,3,2026-06-03 22:53:00,2026-06-04 06:33:00,34.039,completed
SE000220,ST007,1,2026-06-03 23:08:00,2026-06-04 01:07:00,4.515,completed
SE000221,ST002,1,2026-06-04 01:20:00,2026-06-04 03:28:00,15.826,completed
SE000222,ST008,1,2026-06-04 01:40:00,2026-06-04 06:06:00,32.500,completed
SE000223,ST002,5,2026-06-04 03:19:00,2026-06-04 05:22:00,11.020,completed
SE000224,ST003,4,2026-06-04 04:36:00,2026-06-04 06:58:00,13.169,completed
SE000225,ST005,3,2026-06-04 05:43:00,2026-06-04 08:39:00,23.132,completed
SE000226,ST008,4,2026-06-04 06:32:00,2026-06-04 10:52:00,27.214,completed
SE000227,ST005,2,2026-06-04 07:17:00,2026-06-04 11:34:00,19.351,completed
SE000228,ST005,4,2026-06-04 07:18:00,2026-06-04 09:40:00,4.814,completed
SE000229,ST002,6,2026-06-04 07:20:00,2026-06-04 15:13:00,11.186,completed
SE000230,ST013,3,2026-06-04 07:30:00,2026-06-04 15:24:00,38.692,completed
SE000231,ST012,1,2026-06-04 07:34:00,2026-06-04 09:31:00,8.131,completed
SE000232,ST008,3,2026-06-04 08:05:00,2026-06-04 12:02:00,4.633,completed
SE000233,ST008,1,2026-06-04 08:12:00,2026-06-04 15:38:00,59.784,completed
SE000234,ST013,4,2026-06-04 08:12:00,2026-06-04 10:19:00,9.712,completed
SE000235,ST002,4,2026-06-04 08:19:00,2026-06-04 12:02:00,28.184,completed
SE000236,ST012,3,2026-06-04 08:27:00,2026-06-04 10:30:00,30.736,completed
SE000237,ST011,3,2026-06-04 08:34:00,2026-06-04 10:50:00,5.390,completed
SE000238,ST004,3,2026-06-04 08:41:00,2026-06-04 14:52:00,56.822,completed
SE000239,ST014,5,2026-06-04 08:41:00,2026-06-04 13:15:00,35.087,completed
SE000240,ST015,4,2026-06-04 08:48:00,2026-06-04 11:16:00,14.322,completed
SE000241,ST003,2,2026-06-04 09:00:00,2026-06-04 09:44:00,2.968,completed
SE000242,ST010,2,2026-06-04 09:03:00,2026-06-04 10:39:00,3.894,completed
SE000243,ST015,2,2026-06-04 09:38:00,2026-06-04 12:38:00,18.052,completed
SE000244,ST017,4,2026-06-04 09:39:00,2026-06-04 09:41:00,0.000,failed
SE000245,ST018,1,2026-06-04 10:33:00,2026-06-04 16:10:00,85.420,completed
SE000246,ST015,3,2026-06-04 10:41:00,2026-06-04 16:29:00,44.625,completed
SE000247,ST003,1,2026-06-04 10:44:00,2026-06-04 11:30:00,6.319,completed
SE000248,ST002,1,2026-06-04 10:56:00,2026-06-04 18:13:00,51.602,completed
SE000249,ST010,1,2026-06-04 11:22:00,2026-06-04 12:02:00,5.472,completed
SE000250,ST006,2,2026-06-04 11:26:00,2026-06-04 11:46:00,1.861,completed
SE000251,ST008,5,2026-06-04 11:30:00,2026-06-04 14:20:00,10.566,completed
SE000252,ST003,4,2026-06-04 12:09:00,2026-06-04 13:11:00,6.361,completed
SE000253,ST010,2,2026-06-04 12:41:00,2026-06-04 14:33:00,27.858,completed
SE000254,ST013,6,2026-06-04 12:41:00,2026-06-04 15:29:00,16.291,completed
SE000255,ST011,2,2026-06-04 13:10:00,2026-06-04 15:29:00,3.154,completed
SE000256,ST012,2,2026-06-04 13:32:00,2026-06-04 14:31:00,11.710,completed
SE000257,ST003,4,2026-06-04 14:01:00,2026-06-04 15:34:00,11.899,completed
SE000258,ST010,3,2026-06-04 14:02:00,2026-06-04 14:25:00,1.288,completed
SE000259,ST002,3,2026-06-04 14:05:00,2026-06-04 21:28:00,20.934,completed
SE000260,ST011,1,2026-06-04 14:09:00,2026-06-04 16:02:00,10.145,completed
SE000261,ST018,2,2026-06-04 14:24:00,2026-06-04 18:47:00,10.405,completed
SE000262,ST012,5,2026-06-04 14:36:00,2026-06-04 22:33:00,119.731,completed
SE000263,ST003,1,2026-06-04 14:39:00,2026-06-04 15:31:00,6.346,completed
SE000264,ST007,1,2026-06-04 14:41:00,2026-06-04 16:11:00,3.597,completed
SE000265,ST015,4,2026-06-04 14:46:00,2026-06-04 19:17:00,19.192,completed
SE000266,ST017,1,2026-06-04 14:48:00,2026-06-04 15:59:00,13.302,completed
SE000267,ST011,5,2026-06-04 15:10:00,2026-06-04 16:06:00,3.267,completed
SE000268,ST008,2,2026-06-04 15:13:00,2026-06-04 21:50:00,49.746,completed
SE000269,ST010,4,2026-06-04 15:23:00,2026-06-04 17:51:00,7.900,completed
SE000270,ST013,2,2026-06-04 15:40:00,2026-06-04 20:50:00,27.421,completed
SE000271,ST010,3,2026-06-04 16:02:00,2026-06-04 17:43:00,4.001,completed
SE000272,ST010,5,2026-06-04 16:12:00,2026-06-04 16:38:00,2.584,completed
SE000273,ST010,2,2026-06-04 16:28:00,2026-06-04 16:50:00,0.747,completed
SE000274,ST013,6,2026-06-04 16:30:00,2026-06-04 20:17:00,24.891,completed
SE000275,ST015,3,2026-06-04 16:32:00,2026-06-04 22:51:00,18.869,completed
SE000276,ST008,4,2026-06-04 16:42:00,2026-06-04 16:48:00,0.000,failed
SE000277,ST010,5,2026-06-04 17:03:00,2026-06-04 17:37:00,2.787,completed
SE000278,ST008,3,2026-06-04 17:14:00,2026-06-04 23:11:00,44.588,completed
SE000279,ST007,1,2026-06-04 17:17:00,2026-06-04 18:53:00,8.858,completed
SE000280,ST006,1,2026-06-04 17:19:00,2026-06-04 18:42:00,17.950,completed
SE000281,ST011,3,2026-06-04 17:45:00,2026-06-04 18:34:00,2.229,completed
SE000282,ST010,3,2026-06-04 18:13:00,2026-06-04 19:00:00,4.658,completed
SE000283,ST013,3,2026-06-04 18:45:00,2026-06-05 00:42:00,48.907,completed
SE000284,ST005,1,2026-06-04 18:46:00,2026-06-04 21:54:00,14.320,completed
SE000285,ST010,2,2026-06-04 19:13:00,2026-06-04 20:28:00,19.068,completed
SE000286,ST005,4,2026-06-04 19:34:00,2026-06-04 22:24:00,12.247,completed
SE000287,ST011,3,2026-06-04 19:38:00,2026-06-04 21:28:00,7.863,completed
SE000288,ST003,4,2026-06-04 19:46:00,2026-06-04 20:41:00,7.361,completed
SE000289,ST004,3,2026-06-04 19:47:00,2026-06-05 02:38:00,93.348,completed
SE000290,ST010,5,2026-06-04 20:40:00,2026-06-04 23:01:00,30.471,completed
SE000291,ST010,4,2026-06-04 21:09:00,2026-06-04 21:47:00,9.363,completed
SE000292,ST018,2,2026-06-04 21:26:00,2026-06-05 02:16:00,9.734,completed
SE000293,ST019,3,2026-06-04 22:03:00,2026-06-05 04:02:00,4.438,completed
SE000294,ST013,2,2026-06-04 22:26:00,2026-06-05 01:15:00,13.960,completed
SE000295,ST013,5,2026-06-04 22:30:00,2026-06-05 05:38:00,47.290,completed
SE000296,ST005,1,2026-06-04 23:26:00,2026-06-05 07:32:00,23.051,completed
SE000297,ST010,3,2026-06-05 00:01:00,2026-06-05 02:03:00,14.663,completed
SE000298,ST006,1,2026-06-05 00:44:00,2026-06-05 01:31:00,8.141,completed
SE000299,ST015,4,2026-06-05 00:51:00,2026-06-05 04:09:00,15.703,completed
SE000300,ST008,2,2026-06-05 01:15:00,2026-06-05 06:56:00,42.245,completed
SE000301,ST007,3,2026-06-05 02:38:00,2026-06-05 04:12:00,11.649,completed
SE000302,ST012,4,2026-06-05 02:57:00,2026-06-05 10:48:00,27.274,completed
SE000303,ST004,1,2026-06-05 03:37:00,2026-06-05 07:14:00,48.479,completed
SE000304,ST011,1,2026-06-05 03:58:00,2026-06-05 04:59:00,5.417,completed
SE000305,ST013,6,2026-06-05 05:04:00,2026-06-05 08:54:00,26.492,completed
SE000306,ST003,3,2026-06-05 05:25:00,2026-06-05 05:47:00,1.882,completed
SE000307,ST014,4,2026-06-05 06:32:00,2026-06-05 07:25:00,4.407,completed
SE000308,ST003,3,2026-06-05 06:35:00,2026-06-05 08:22:00,2.789,completed
SE000309,ST019,2,2026-06-05 07:05:00,2026-06-05 09:15:00,4.404,completed
SE000310,ST008,1,2026-06-05 07:10:00,2026-06-05 10:46:00,9.778,completed
SE000311,ST015,2,2026-06-05 07:13:00,2026-06-05 12:57:00,46.847,completed
SE000312,ST002,3,2026-06-05 07:20:00,2026-06-05 12:52:00,18.029,completed
SE000313,ST014,4,2026-06-05 07:58:00,2026-06-05 08:46:00,6.024,completed
SE000314,ST017,5,2026-06-05 08:25:00,2026-06-05 10:06:00,6.196,completed
SE000315,ST005,6,2026-06-05 08:26:00,2026-06-05 08:32:00,0.000,failed
SE000316,ST015,1,2026-06-05 08:26:00,2026-06-05 13:21:00,26.484,completed
SE000317,ST004,3,2026-06-05 08:31:00,2026-06-05 11:51:00,24.657,completed
SE000318,ST017,1,2026-06-05 08:32:00,2026-06-05 10:00:00,12.593,completed
SE000319,ST014,3,2026-06-05 08:36:00,2026-06-05 10:15:00,22.013,completed
SE000320,ST013,2,2026-06-05 08:37:00,2026-06-05 15:23:00,37.972,completed
SE000321,ST005,4,2026-06-05 08:38:00,2026-06-05 18:25:00,42.906,completed
SE000322,ST007,4,2026-06-05 08:40:00,2026-06-05 09:25:00,2.918,completed
SE000323,ST012,3,2026-06-05 08:42:00,2026-06-05 14:08:00,30.510,completed
SE000324,ST002,6,2026-06-05 08:43:00,2026-06-05 13:41:00,35.388,completed
SE000325,ST017,4,2026-06-05 09:00:00,2026-06-05 09:07:00,0.000,failed
SE000326,ST016,4,2026-06-05 09:02:00,2026-06-05 16:09:00,31.648,completed
SE000327,ST005,1,2026-06-05 09:15:00,2026-06-05 11:45:00,4.516,completed
SE000328,ST012,1,2026-06-05 09:19:00,2026-06-05 16:42:00,119.167,completed
SE000329,ST007,2,2026-06-05 09:22:00,2026-06-05 11:17:00,7.940,completed
SE000330,ST013,1,2026-06-05 09:36:00,2026-06-05 11:05:00,7.881,completed
SE000331,ST015,4,2026-06-05 09:46:00,2026-06-05 09:53:00,0.000,failed
SE000332,ST002,2,2026-06-05 09:51:00,2026-06-05 12:24:00,10.545,completed
SE000333,ST019,1,2026-06-05 09:54:00,2026-06-05 14:05:00,6.968,completed
SE000334,ST017,3,2026-06-05 10:02:00,2026-06-05 10:55:00,13.043,completed
SE000335,ST010,4,2026-06-05 10:05:00,2026-06-05 10:54:00,8.503,completed
SE000336,ST002,4,2026-06-05 10:07:00,2026-06-05 15:46:00,31.338,completed
SE000337,ST017,6,2026-06-05 10:11:00,2026-06-05 10:32:00,3.121,completed
SE000338,ST015,4,2026-06-05 10:23:00,2026-06-05 10:28:00,0.000,failed
SE000339,ST018,2,2026-06-05 10:24:00,2026-06-05 11:35:00,4.387,completed
SE000340,ST012,2,2026-06-05 10:36:00,2026-06-05 11:24:00,11.946,completed
SE000341,ST010,6,2026-06-05 10:48:00,2026-06-05 12:21:00,2.742,completed
SE000342,ST013,5,2026-06-05 10:55:00,2026-06-05 16:33:00,21.815,completed
SE000343,ST008,2,2026-06-05 10:57:00,2026-06-05 16:29:00,9.901,completed
SE000344,ST017,1,2026-06-05 11:08:00,2026-06-05 11:11:00,0.000,failed
SE000345,ST014,2,2026-06-05 11:16:00,2026-06-05 13:33:00,36.976,completed
SE000346,ST017,6,2026-06-05 11:26:00,2026-06-05 11:55:00,5.711,completed
SE000347,ST010,2,2026-06-05 11:29:00,2026-06-05 13:11:00,24.363,completed
SE000348,ST018,1,2026-06-05 11:47:00,2026-06-05 13:01:00,5.561,completed
SE000349,ST010,1,2026-06-05 12:02:00,2026-06-05 13:38:00,3.989,completed
SE000350,ST017,1,2026-06-05 12:21:00,2026-06-05 13:51:00,12.787,completed
SE000351,ST013,6,2026-06-05 13:03:00,2026-06-05 19:17:00,8.032,completed
SE000352,ST011,4,2026-06-05 13:07:00,2026-06-05 14:32:00,3.974,completed
SE000353,ST007,3,2026-06-05 13:18:00,2026-06-05 13:44:00,3.178,completed
SE000354,ST011,2,2026-06-05 13:28:00,2026-06-05 15:42:00,1.878,completed
SE000355,ST007,1,2026-06-05 13:59:00,2026-06-05 14:24:00,0.795,completed
SE000356,ST015,3,2026-06-05 14:12:00,2026-06-05 21:07:00,22.659,completed
SE000357,ST008,4,2026-06-05 14:26:00,2026-06-05 19:33:00,41.866,completed
SE000358,ST014,5,2026-06-05 14:26:00,2026-06-05 20:03:00,47.819,completed
SE000359,ST015,1,2026-06-05 14:28:00,2026-06-05 21:42:00,21.168,completed
SE000360,ST011,3,2026-06-05 14:40:00,2026-06-05 15:27:00,3.486,completed
SE000361,ST016,1,2026-06-05 15:03:00,2026-06-06 00:54:00,21.522,completed
SE000362,ST008,3,2026-06-05 15:05:00,2026-06-05 22:53:00,40.365,completed
SE000363,ST017,5,2026-06-05 15:12:00,2026-06-05 17:05:00,30.718,completed
SE000364,ST010,1,2026-06-05 15:16:00,2026-06-05 16:05:00,3.054,completed
SE000365,ST019,1,2026-06-05 15:24:00,2026-06-05 21:23:00,21.963,completed
SE000366,ST010,4,2026-06-05 15:31:00,2026-06-05 17:21:00,10.414,completed
SE000367,ST017,4,2026-06-05 15:56:00,2026-06-05 17:49:00,3.880,completed
SE000368,ST017,3,2026-06-05 15:59:00,2026-06-05 16:43:00,11.841,completed
SE000369,ST004,2,2026-06-05 16:18:00,2026-06-05 21:44:00,30.828,completed
SE000370,ST017,2,2026-06-05 16:23:00,2026-06-05 18:39:00,30.254,completed
SE000371,ST013,3,2026-06-05 16:31:00,2026-06-05 20:29:00,3.671,completed
SE000372,ST007,1,2026-06-05 16:40:00,2026-06-05 17:24:00,1.711,completed
SE000373,ST017,6,2026-06-05 16:46:00,2026-06-05 18:51:00,17.546,completed
SE000374,ST007,4,2026-06-05 17:27:00,2026-06-05 18:34:00,5.135,completed
SE000375,ST009,2,2026-06-05 17:29:00,2026-06-05 23:04:00,28.000,completed
SE000376,ST016,2,2026-06-05 17:31:00,2026-06-05 19:44:00,8.157,completed
SE000377,ST011,2,2026-06-05 17:34:00,2026-06-05 18:31:00,1.531,completed
SE000378,ST002,3,2026-06-05 17:42:00,2026-06-05 21:53:00,9.131,completed
SE000379,ST010,6,2026-06-05 17:42:00,2026-06-05 19:37:00,8.392,completed
SE000380,ST003,2,2026-06-05 17:44:00,2026-06-05 18:30:00,3.309,completed
SE000381,ST005,5,2026-06-05 17:49:00,2026-06-05 20:58:00,7.862,completed
SE000382,ST011,1,2026-06-05 18:14:00,2026-06-05 19:35:00,6.189,completed
SE000383,ST005,6,2026-06-05 18:28:00,2026-06-05 23:01:00,36.420,completed
SE000384,ST016,3,2026-06-05 18:40:00,2026-06-06 01:52:00,8.255,completed
SE000385,ST017,3,2026-06-05 18:41:00,2026-06-05 20:56:00,17.050,completed
SE000386,ST018,2,2026-06-05 18:54:00,2026-06-05 20:22:00,6.811,completed
SE000387,ST010,4,2026-06-05 19:09:00,2026-06-05 20:57:00,7.862,completed
SE000388,ST005,3,2026-06-05 19:14:00,2026-06-06 00:33:00,24.227,completed
SE000389,ST007,3,2026-06-05 19:18:00,2026-06-05 20:11:00,1.394,completed
SE000390,ST009,1,2026-06-05 19:24:00,2026-06-05 21:55:00,17.450,completed
SE000391,ST004,1,2026-06-05 19:28:00,2026-06-06 04:15:00,69.520,completed
SE000392,ST017,6,2026-06-05 19:30:00,2026-06-05 19:54:00,5.790,completed
SE000393,ST016,6,2026-06-05 19:57:00,2026-06-06 05:21:00,31.176,completed
SE000394,ST004,3,2026-06-05 20:00:00,2026-06-05 23:46:00,34.470,completed
SE000395,ST014,1,2026-06-05 20:10:00,2026-06-05 21:12:00,13.482,completed
SE000396,ST003,2,2026-06-05 21:29:00,2026-06-05 22:27:00,3.140,completed
SE000397,ST016,5,2026-06-05 22:04:00,2026-06-06 00:15:00,10.737,completed
SE000398,ST009,1,2026-06-05 22:22:00,2026-06-06 06:20:00,14.485,completed
SE000399,ST010,4,2026-06-05 22:42:00,2026-06-05 23:07:00,6.568,completed
SE000400,ST019,2,2026-06-05 22:46:00,2026-06-06 06:16:00,18.339,completed
SE000401,ST005,4,2026-06-05 22:56:00,2026-06-06 01:27:00,13.261,completed
SE000402,ST017,1,2026-06-05 23:40:00,2026-06-06 01:10:00,6.624,completed
SE000403,ST010,6,2026-06-06 01:10:00,2026-06-06 03:29:00,21.804,completed
SE000404,ST017,2,2026-06-06 01:34:00,2026-06-06 02:45:00,14.906,completed
SE000405,ST010,5,2026-06-06 01:59:00,2026-06-06 04:10:00,21.771,completed
SE000406,ST010,2,2026-06-06 02:17:00,2026-06-06 03:12:00,5.136,completed
SE000407,ST005,6,2026-06-06 03:19:00,2026-06-06 03:26:00,0.000,failed
SE000408,ST009,2,2026-06-06 03:41:00,2026-06-06 13:26:00,43.983,completed
SE000409,ST010,6,2026-06-06 04:23:00,2026-06-06 06:12:00,28.330,completed
SE000410,ST010,3,2026-06-06 04:41:00,2026-06-06 05:49:00,10.468,completed
SE000411,ST017,5,2026-06-06 05:32:00,2026-06-06 06:34:00,7.397,completed
SE000412,ST008,1,2026-06-06 07:27:00,2026-06-06 09:41:00,16.901,completed
SE000413,ST013,5,2026-06-06 07:35:00,2026-06-06 09:23:00,4.295,completed
SE000414,ST002,4,2026-06-06 07:37:00,2026-06-06 11:54:00,30.644,completed
SE000415,ST012,5,2026-06-06 08:07:00,2026-06-06 09:50:00,9.568,completed
SE000416,ST007,4,2026-06-06 08:31:00,2026-06-06 10:44:00,8.191,completed
SE000417,ST017,4,2026-06-06 08:50:00,2026-06-06 10:42:00,10.716,completed
SE000418,ST012,2,2026-06-06 08:53:00,2026-06-06 12:07:00,45.613,completed
SE000419,ST017,3,2026-06-06 09:01:00,2026-06-06 09:38:00,8.671,completed
SE000420,ST006,2,2026-06-06 09:05:00,2026-06-06 10:36:00,20.187,completed
SE000421,ST007,2,2026-06-06 09:14:00,2026-06-06 10:35:00,9.577,completed
SE000422,ST011,3,2026-06-06 09:19:00,2026-06-06 11:17:00,9.161,completed
SE000423,ST017,2,2026-06-06 09:19:00,2026-06-06 10:12:00,3.790,completed
SE000424,ST005,4,2026-06-06 09:20:00,2026-06-06 15:45:00,50.975,completed
SE000425,ST003,2,2026-06-06 09:29:00,2026-06-06 10:15:00,2.409,completed
SE000426,ST019,2,2026-06-06 09:32:00,2026-06-06 09:35:00,0.000,failed
SE000427,ST017,1,2026-06-06 09:33:00,2026-06-06 09:41:00,0.000,failed
SE000428,ST013,2,2026-06-06 09:41:00,2026-06-06 17:27:00,55.033,completed
SE000429,ST003,3,2026-06-06 09:42:00,2026-06-06 10:32:00,6.614,completed
SE000430,ST007,1,2026-06-06 09:47:00,2026-06-06 11:36:00,10.471,completed
SE000431,ST002,6,2026-06-06 10:00:00,2026-06-06 12:37:00,4.633,completed
SE000432,ST011,1,2026-06-06 10:29:00,2026-06-06 11:38:00,0.871,completed
SE000433,ST003,2,2026-06-06 10:33:00,2026-06-06 12:18:00,2.091,completed
SE000434,ST003,4,2026-06-06 10:43:00,2026-06-06 11:21:00,2.033,completed
SE000435,ST012,1,2026-06-06 10:46:00,2026-06-06 17:30:00,26.781,completed
SE000436,ST019,3,2026-06-06 11:02:00,2026-06-06 19:02:00,34.010,completed
SE000437,ST007,4,2026-06-06 11:06:00,2026-06-06 13:31:00,3.198,completed
SE000438,ST017,5,2026-06-06 11:06:00,2026-06-06 11:48:00,8.751,completed
SE000439,ST007,3,2026-06-06 11:21:00,2026-06-06 13:25:00,3.622,completed
SE000440,ST003,1,2026-06-06 11:44:00,2026-06-06 12:16:00,1.614,completed
SE000441,ST008,4,2026-06-06 11:46:00,2026-06-06 14:17:00,3.168,completed
SE000442,ST007,2,2026-06-06 11:57:00,2026-06-06 12:31:00,4.432,completed
SE000443,ST013,6,2026-06-06 11:57:00,2026-06-06 14:26:00,16.856,completed
SE000444,ST005,1,2026-06-06 12:06:00,2026-06-06 14:23:00,15.967,completed
SE000445,ST005,6,2026-06-06 12:42:00,2026-06-06 21:09:00,53.417,completed
SE000446,ST010,6,2026-06-06 12:42:00,2026-06-06 13:27:00,2.963,completed
SE000447,ST010,5,2026-06-06 12:56:00,2026-06-06 14:53:00,24.206,completed
SE000448,ST017,6,2026-06-06 13:02:00,2026-06-06 13:53:00,7.453,completed
SE000449,ST017,4,2026-06-06 13:49:00,2026-06-06 15:52:00,7.269,completed
SE000450,ST003,1,2026-06-06 13:56:00,2026-06-06 15:07:00,1.303,completed
SE000451,ST017,1,2026-06-06 14:09:00,2026-06-06 15:00:00,8.165,completed
SE000452,ST007,2,2026-06-06 14:13:00,2026-06-06 14:47:00,2.940,completed
SE000453,ST011,1,2026-06-06 14:13:00,2026-06-06 15:33:00,1.521,completed
SE000454,ST007,4,2026-06-06 14:14:00,2026-06-06 15:52:00,10.877,completed
SE000455,ST002,6,2026-06-06 14:33:00,2026-06-06 18:18:00,12.433,completed
SE000456,ST017,2,2026-06-06 14:38:00,2026-06-06 17:00:00,39.048,completed
SE000457,ST010,6,2026-06-06 14:44:00,2026-06-06 15:20:00,6.703,completed
SE000458,ST007,3,2026-06-06 14:46:00,2026-06-06 15:29:00,2.002,completed
SE000459,ST003,4,2026-06-06 14:52:00,2026-06-06 16:09:00,6.409,completed
SE000460,ST005,1,2026-06-06 15:07:00,2026-06-06 18:09:00,11.949,completed
SE000461,ST010,4,2026-06-06 15:36:00,2026-06-06 17:38:00,28.654,completed
SE000462,ST017,1,2026-06-06 15:53:00,2026-06-06 18:12:00,20.853,completed
SE000463,ST002,2,2026-06-06 16:17:00,2026-06-06 23:41:00,49.638,completed
SE000464,ST007,2,2026-06-06 16:22:00,2026-06-06 16:53:00,3.356,completed
SE000465,ST003,3,2026-06-06 16:24:00,2026-06-06 18:44:00,5.339,completed
SE000466,ST007,4,2026-06-06 16:44:00,2026-06-06 17:49:00,4.632,completed
SE000467,ST017,3,2026-06-06 16:46:00,2026-06-06 19:09:00,15.348,completed
SE000468,ST005,3,2026-06-06 16:47:00,2026-06-06 19:08:00,19.237,completed
SE000469,ST004,3,2026-06-06 16:49:00,2026-06-07 02:48:00,135.853,completed
SE000470,ST010,3,2026-06-06 16:52:00,2026-06-06 17:58:00,6.775,completed
SE000471,ST019,1,2026-06-06 17:02:00,2026-06-06 20:24:00,6.413,completed
SE000472,ST010,2,2026-06-06 17:03:00,2026-06-06 18:35:00,14.917,completed
SE000473,ST005,2,2026-06-06 17:11:00,2026-06-06 23:21:00,48.030,completed
SE000474,ST017,4,2026-06-06 17:15:00,2026-06-06 19:26:00,20.897,completed
SE000475,ST009,1,2026-06-06 17:22:00,2026-06-06 22:28:00,19.017,completed
SE000476,ST004,2,2026-06-06 17:23:00,2026-06-06 21:54:00,57.828,completed
SE000477,ST011,5,2026-06-06 17:29:00,2026-06-06 18:06:00,0.643,completed
SE000478,ST017,2,2026-06-06 17:34:00,2026-06-06 19:31:00,3.598,completed
SE000479,ST003,2,2026-06-06 17:55:00,2026-06-06 18:53:00,4.785,completed
SE000480,ST011,1,2026-06-06 18:20:00,2026-06-06 19:25:00,5.396,completed
SE000481,ST007,2,2026-06-06 18:22:00,2026-06-06 20:01:00,2.958,completed
SE000482,ST017,1,2026-06-06 18:25:00,2026-06-06 18:53:00,3.782,completed
SE000483,ST005,1,2026-06-06 18:26:00,2026-06-06 22:55:00,30.360,completed
SE000484,ST003,1,2026-06-06 18:34:00,2026-06-06 19:14:00,2.716,completed
SE000485,ST003,4,2026-06-06 18:36:00,2026-06-06 21:01:00,3.236,completed
SE000486,ST011,4,2026-06-06 18:36:00,2026-06-06 19:45:00,5.109,completed
SE000487,ST010,2,2026-06-06 18:38:00,2026-06-06 20:57:00,26.319,completed
SE000488,ST005,4,2026-06-06 18:48:00,2026-06-06 22:17:00,27.564,completed
SE000489,ST016,5,2026-06-06 19:03:00,2026-06-06 21:46:00,17.527,completed
SE000490,ST011,3,2026-06-06 19:09:00,2026-06-06 20:54:00,1.576,completed
SE000491,ST007,4,2026-06-06 19:38:00,2026-06-06 20:43:00,8.815,completed
SE000492,ST007,1,2026-06-06 19:45:00,2026-06-06 21:34:00,9.249,completed
SE000493,ST002,5,2026-06-06 19:46:00,2026-06-06 22:47:00,18.255,completed
SE000494,ST007,3,2026-06-06 19:51:00,2026-06-06 20:57:00,8.334,completed
SE000495,ST011,2,2026-06-06 19:58:00,2026-06-06 20:32:00,1.695,completed
SE000496,ST019,3,2026-06-06 20:00:00,2026-06-07 01:40:00,29.595,completed
SE000497,ST009,2,2026-06-06 20:27:00,2026-06-07 00:45:00,34.242,completed
SE000498,ST005,3,2026-06-06 20:45:00,2026-06-07 05:59:00,68.158,completed
SE000499,ST016,4,2026-06-06 21:01:00,2026-06-07 00:48:00,22.463,completed
SE000500,ST005,5,2026-06-06 21:15:00,2026-06-07 02:48:00,12.403,completed
SE000501,ST016,1,2026-06-06 22:15:00,2026-06-07 01:14:00,9.071,completed
SE000502,ST016,5,2026-06-06 22:52:00,2026-06-07 02:53:00,24.235,completed
SE000503,ST019,1,2026-06-06 23:00:00,2026-06-07 04:24:00,11.580,completed
SE000504,ST017,2,2026-06-06 23:05:00,2026-06-07 01:16:00,20.889,completed
SE000505,ST010,1,2026-06-06 23:18:00,2026-06-07 00:09:00,8.681,completed
SE000506,ST007,3,2026-06-06 23:27:00,2026-06-07 00:23:00,6.876,completed
SE000507,ST013,1,2026-06-07 04:01:00,2026-06-07 08:06:00,10.374,completed
SE000508,ST012,5,2026-06-07 06:11:00,2026-06-07 07:16:00,17.547,completed
SE000509,ST017,6,2026-06-07 06:31:00,2026-06-07 08:00:00,3.322,completed
SE000510,ST009,2,2026-06-07 06:57:00,2026-06-07 13:59:00,45.916,completed
SE000511,ST003,3,2026-06-07 08:27:00,2026-06-07 09:40:00,9.914,completed
SE000512,ST002,6,2026-06-07 08:40:00,2026-06-07 14:09:00,12.409,completed
SE000513,ST015,4,2026-06-07 09:02:00,2026-06-07 13:28:00,6.356,completed
SE000514,ST015,1,2026-06-07 09:06:00,2026-06-07 13:07:00,22.164,completed
SE000515,ST010,6,2026-06-07 09:10:00,2026-06-07 11:18:00,16.672,completed
SE000516,ST017,5,2026-06-07 09:19:00,2026-06-07 11:37:00,37.363,completed
SE000517,ST011,3,2026-06-07 09:21:00,2026-06-07 10:50:00,8.014,completed
SE000518,ST012,2,2026-06-07 09:26:00,2026-06-07 12:47:00,18.635,completed
SE000519,ST006,1,2026-06-07 09:41:00,2026-06-07 10:37:00,10.339,completed
SE000520,ST015,3,2026-06-07 10:01:00,2026-06-07 11:22:00,7.343,completed
SE000521,ST013,2,2026-06-07 10:06:00,2026-06-07 14:46:00,21.570,completed
SE000522,ST013,3,2026-06-07 10:07:00,2026-06-07 16:36:00,48.401,completed
SE000523,ST017,6,2026-06-07 10:15:00,2026-06-07 11:21:00,6.453,completed
SE000524,ST013,6,2026-06-07 10:22:00,2026-06-07 15:36:00,9.052,completed
SE000525,ST014,4,2026-06-07 10:39:00,2026-06-07 12:27:00,23.282,completed
SE000526,ST017,2,2026-06-07 11:06:00,2026-06-07 11:37:00,6.519,completed
SE000527,ST011,5,2026-06-07 11:10:00,2026-06-07 13:28:00,9.211,completed
SE000528,ST003,4,2026-06-07 11:19:00,2026-06-07 12:52:00,10.744,completed
SE000529,ST003,2,2026-06-07 11:25:00,2026-06-07 12:18:00,5.342,completed
SE000530,ST017,3,2026-06-07 11:50:00,2026-06-07 13:09:00,21.095,completed
SE000531,ST011,2,2026-06-07 11:51:00,2026-06-07 12:51:00,4.613,completed
SE000532,ST013,5,2026-06-07 12:33:00,2026-06-07 13:56:00,8.880,completed
SE000533,ST017,2,2026-06-07 13:05:00,2026-06-07 14:34:00,15.308,completed
SE000534,ST010,5,2026-06-07 13:06:00,2026-06-07 14:01:00,6.404,completed
SE000535,ST016,2,2026-06-07 13:16:00,2026-06-07 18:40:00,20.714,completed
SE000536,ST005,5,2026-06-07 13:36:00,2026-06-07 19:56:00,37.009,completed
SE000537,ST011,5,2026-06-07 13:39:00,2026-06-07 14:07:00,1.837,completed
SE000538,ST002,1,2026-06-07 13:43:00,2026-06-07 15:36:00,2.050,completed
SE000539,ST003,4,2026-06-07 13:43:00,2026-06-07 13:45:00,0.000,failed
SE000540,ST017,1,2026-06-07 13:57:00,2026-06-07 16:15:00,29.932,completed
SE000541,ST002,4,2026-06-07 14:06:00,2026-06-07 16:43:00,6.282,completed
SE000542,ST003,3,2026-06-07 14:12:00,2026-06-07 16:08:00,14.157,completed
SE000543,ST005,3,2026-06-07 14:24:00,2026-06-07 17:03:00,9.327,completed
SE000544,ST010,3,2026-06-07 14:42:00,2026-06-07 16:21:00,15.865,completed
SE000545,ST011,5,2026-06-07 15:38:00,2026-06-07 16:24:00,3.602,completed
SE000546,ST015,1,2026-06-07 15:42:00,2026-06-07 20:48:00,14.592,completed
SE000547,ST017,5,2026-06-07 16:25:00,2026-06-07 17:57:00,22.575,completed
SE000548,ST005,2,2026-06-07 17:02:00,2026-06-07 19:15:00,2.917,completed
SE000549,ST005,4,2026-06-07 17:07:00,2026-06-08 01:02:00,14.478,completed
SE000550,ST003,2,2026-06-07 17:11:00,2026-06-07 18:16:00,6.716,completed
SE000551,ST010,6,2026-06-07 17:26:00,2026-06-07 19:40:00,17.522,completed
SE000552,ST006,2,2026-06-07 17:32:00,2026-06-07 18:48:00,11.115,completed
SE000553,ST010,3,2026-06-07 17:33:00,2026-06-07 19:04:00,7.757,completed
SE000554,ST011,5,2026-06-07 17:34:00,2026-06-07 18:52:00,2.459,completed
SE000555,ST003,1,2026-06-07 17:45:00,2026-06-07 19:29:00,12.458,completed
SE000556,ST005,1,2026-06-07 19:00:00,2026-06-08 00:18:00,42.266,completed
SE000557,ST011,5,2026-06-07 19:58:00,2026-06-07 21:43:00,4.911,completed
SE000558,ST005,6,2026-06-07 20:23:00,2026-06-08 00:38:00,34.343,completed
SE000559,ST018,2,2026-06-07 21:17:00,2026-06-08 01:26:00,59.880,completed
SE000560,ST015,1,2026-06-07 22:34:00,2026-06-08 04:55:00,30.948,completed
SE000561,ST017,4,2026-06-07 22:38:00,2026-06-07 23:12:00,7.504,completed
SE000562,ST005,2,2026-06-07 23:01:00,2026-06-08 05:36:00,45.104,completed
SE000563,ST019,3,2026-06-07 23:29:00,2026-06-08 02:50:00,4.150,completed
SE000564,ST016,2,2026-06-08 00:01:00,2026-06-08 03:52:00,13.432,completed
SE000565,ST008,1,2026-06-08 00:25:00,2026-06-08 03:48:00,23.245,completed
SE000566,ST005,3,2026-06-08 01:16:00,2026-06-08 09:10:00,11.865,completed
SE000567,ST010,1,2026-06-08 01:39:00,2026-06-08 03:40:00,14.461,completed
SE000568,ST006,2,2026-06-08 02:12:00,2026-06-08 02:35:00,2.525,completed
SE000569,ST002,4,2026-06-08 02:35:00,2026-06-08 05:18:00,15.563,completed
SE000570,ST008,4,2026-06-08 02:51:00,2026-06-08 08:15:00,14.828,completed
SE000571,ST013,6,2026-06-08 02:58:00,2026-06-08 06:36:00,21.552,completed
SE000572,ST018,2,2026-06-08 05:11:00,2026-06-08 11:02:00,63.214,completed
SE000573,ST005,4,2026-06-08 06:28:00,2026-06-08 08:11:00,8.497,completed
SE000574,ST014,1,2026-06-08 07:04:00,2026-06-08 11:17:00,22.238,completed
SE000575,ST008,3,2026-06-08 07:18:00,2026-06-08 11:49:00,16.029,completed
SE000576,ST014,3,2026-06-08 07:30:00,2026-06-08 15:00:00,73.247,completed
SE000577,ST008,1,2026-06-08 07:45:00,2026-06-08 10:37:00,19.700,completed
SE000578,ST013,3,2026-06-08 07:59:00,2026-06-08 14:06:00,47.246,completed
SE000579,ST014,2,2026-06-08 08:00:00,2026-06-08 12:51:00,75.885,completed
SE000580,ST008,2,2026-06-08 08:15:00,2026-06-08 10:04:00,13.105,completed
SE000581,ST002,2,2026-06-08 08:16:00,2026-06-08 13:11:00,5.116,completed
SE000582,ST016,6,2026-06-08 08:16:00,2026-06-08 13:42:00,26.739,completed
SE000583,ST002,3,2026-06-08 08:22:00,2026-06-08 13:12:00,21.648,completed
SE000584,ST008,5,2026-06-08 08:44:00,2026-06-08 09:51:00,4.394,completed
SE000585,ST002,6,2026-06-08 09:04:00,2026-06-08 15:19:00,28.944,completed
SE000586,ST016,4,2026-06-08 09:04:00,2026-06-08 16:45:00,41.588,completed
SE000587,ST017,5,2026-06-08 09:05:00,2026-06-08 10:45:00,16.407,completed
SE000588,ST010,1,2026-06-08 09:09:00,2026-06-08 09:15:00,0.000,failed
SE000589,ST019,3,2026-06-08 09:12:00,2026-06-08 16:43:00,21.430,completed
SE000590,ST013,6,2026-06-08 09:22:00,2026-06-08 13:44:00,23.098,completed
SE000591,ST011,2,2026-06-08 10:02:00,2026-06-08 10:52:00,1.707,completed
SE000592,ST010,2,2026-06-08 10:03:00,2026-06-08 10:39:00,4.109,completed
SE000593,ST017,6,2026-06-08 10:06:00,2026-06-08 10:43:00,4.789,completed
SE000594,ST006,1,2026-06-08 10:16:00,2026-06-08 11:58:00,8.681,completed
SE000595,ST013,5,2026-06-08 10:26:00,2026-06-08 17:07:00,33.745,completed
SE000596,ST017,2,2026-06-08 10:32:00,2026-06-08 12:18:00,25.033,completed
SE000597,ST017,3,2026-06-08 10:37:00,2026-06-08 11:13:00,1.475,completed
SE000598,ST008,4,2026-06-08 10:38:00,2026-06-08 14:47:00,10.560,completed
SE000599,ST017,1,2026-06-08 10:42:00,2026-06-08 13:03:00,27.515,completed
SE000600,ST002,5,2026-06-08 10:46:00,2026-06-08 13:22:00,3.326,completed
SE000601,ST008,1,2026-06-08 10:55:00,2026-06-08 14:01:00,8.672,completed
SE000602,ST010,4,2026-06-08 11:35:00,2026-06-08 12:01:00,2.532,completed
SE000603,ST017,5,2026-06-08 11:37:00,2026-06-08 13:18:00,25.170,completed
SE000604,ST011,2,2026-06-08 11:43:00,2026-06-08 13:56:00,1.433,completed
SE000605,ST010,6,2026-06-08 11:46:00,2026-06-08 12:07:00,1.196,completed
SE000606,ST005,4,2026-06-08 11:48:00,2026-06-08 18:12:00,38.329,completed
SE000607,ST011,5,2026-06-08 12:19:00,2026-06-08 13:56:00,4.078,completed
SE000608,ST006,1,2026-06-08 12:53:00,2026-06-08 13:58:00,4.141,completed
SE000609,ST015,4,2026-06-08 13:00:00,2026-06-08 17:05:00,22.699,completed
SE000610,ST018,2,2026-06-08 13:51:00,2026-06-08 16:24:00,26.850,completed
SE000611,ST010,6,2026-06-08 14:04:00,2026-06-08 16:28:00,4.754,completed
SE000612,ST010,1,2026-06-08 14:05:00,2026-06-08 16:33:00,39.427,completed
SE000613,ST015,1,2026-06-08 14:09:00,2026-06-08 18:27:00,6.983,completed
SE000614,ST017,2,2026-06-08 14:25:00,2026-06-08 16:07:00,17.673,completed
SE000615,ST011,4,2026-06-08 14:27:00,2026-06-08 14:56:00,1.611,completed
SE000616,ST010,5,2026-06-08 14:30:00,2026-06-08 14:58:00,6.544,completed
SE000617,ST008,3,2026-06-08 14:36:00,2026-06-08 19:26:00,20.141,completed
SE000618,ST008,1,2026-06-08 15:01:00,2026-06-08 19:53:00,9.537,completed
SE000619,ST016,6,2026-06-08 15:04:00,2026-06-08 20:07:00,24.697,completed
SE000620,ST002,2,2026-06-08 15:16:00,2026-06-08 19:59:00,16.927,completed
SE000621,ST003,3,2026-06-08 15:17:00,2026-06-08 17:35:00,13.811,completed
SE000622,ST017,5,2026-06-08 15:25:00,2026-06-08 15:51:00,6.801,completed
SE000623,ST011,1,2026-06-08 15:41:00,2026-06-08 18:08:00,4.324,completed
SE000624,ST013,6,2026-06-08 15:49:00,2026-06-08 20:55:00,17.726,completed
SE000625,ST017,1,2026-06-08 16:06:00,2026-06-08 17:14:00,8.193,completed
SE000626,ST016,2,2026-06-08 16:21:00,2026-06-08 16:28:00,0.000,failed
SE000627,ST018,2,2026-06-08 16:24:00,2026-06-08 19:04:00,24.802,completed
SE000628,ST010,2,2026-06-08 16:38:00,2026-06-08 18:11:00,24.117,completed
SE000629,ST010,1,2026-06-08 16:43:00,2026-06-08 18:58:00,8.893,completed
SE000630,ST017,3,2026-06-08 16:51:00,2026-06-08 17:30:00,5.469,completed
SE000631,ST017,4,2026-06-08 17:04:00,2026-06-08 19:12:00,35.115,completed
SE000632,ST011,3,2026-06-08 17:27:00,2026-06-08 19:28:00,1.622,completed
SE000633,ST004,1,2026-06-08 18:07:00,2026-06-09 01:13:00,38.257,completed
SE000634,ST006,2,2026-06-08 18:18:00,2026-06-08 18:51:00,7.411,completed
SE000635,ST017,1,2026-06-08 18:21:00,2026-06-08 19:27:00,2.737,completed
SE000636,ST005,1,2026-06-08 18:27:00,2026-06-08 22:55:00,26.710,completed
SE000637,ST005,3,2026-06-08 18:31:00,2026-06-09 02:20:00,39.888,completed
SE000638,ST010,5,2026-06-08 18:32:00,2026-06-08 20:35:00,31.199,completed
SE000639,ST010,4,2026-06-08 18:38:00,2026-06-08 19:48:00,10.274,completed
SE000640,ST019,2,2026-06-08 19:15:00,2026-06-08 19:21:00,0.000,failed
SE000641,ST004,2,2026-06-08 19:18:00,2026-06-09 02:20:00,79.262,completed
SE000642,ST003,1,2026-06-08 19:39:00,2026-06-08 21:55:00,17.790,completed
SE000643,ST007,2,2026-06-08 19:53:00,2026-06-08 20:28:00,4.150,completed
SE000644,ST009,1,2026-06-08 20:02:00,2026-06-09 03:20:00,48.524,completed
SE000645,ST019,1,2026-06-08 20:03:00,2026-06-08 20:07:00,0.000,failed
SE000646,ST005,6,2026-06-08 20:08:00,2026-06-09 06:00:00,33.594,completed
SE000647,ST016,4,2026-06-08 20:22:00,2026-06-08 20:26:00,0.000,failed
SE000648,ST016,4,2026-06-08 20:34:00,2026-06-09 01:28:00,7.313,completed
SE000649,ST016,6,2026-06-08 20:44:00,2026-06-09 05:55:00,61.295,completed
SE000650,ST008,1,2026-06-08 20:47:00,2026-06-09 04:11:00,35.051,completed
SE000651,ST017,2,2026-06-08 20:47:00,2026-06-08 21:35:00,8.477,completed
SE000652,ST016,2,2026-06-08 21:19:00,2026-06-09 03:40:00,37.480,completed
SE000653,ST016,1,2026-06-08 21:46:00,2026-06-09 05:04:00,40.737,completed
SE000654,ST005,4,2026-06-08 22:18:00,2026-06-09 04:18:00,48.348,completed
SE000655,ST016,5,2026-06-08 23:19:00,2026-06-09 06:25:00,58.449,completed
SE000656,ST019,3,2026-06-08 23:26:00,2026-06-09 08:42:00,26.875,completed
SE000657,ST018,1,2026-06-08 23:37:00,2026-06-09 01:49:00,23.984,completed
SE000658,ST005,2,2026-06-08 23:55:00,2026-06-09 01:32:00,5.592,completed
SE000659,ST008,5,2026-06-08 23:55:00,2026-06-09 02:22:00,4.739,completed
SE000660,ST017,2,2026-06-09 00:00:00,2026-06-09 00:29:00,1.575,completed
SE000661,ST011,2,2026-06-09 00:24:00,2026-06-09 01:07:00,3.152,completed
SE000662,ST013,3,2026-06-09 01:09:00,2026-06-09 07:15:00,14.556,completed
SE000663,ST016,4,2026-06-09 02:27:00,2026-06-09 09:42:00,33.062,completed
SE000664,ST005,2,2026-06-09 06:15:00,2026-06-09 14:42:00,25.153,completed
SE000665,ST007,2,2026-06-09 06:21:00,2026-06-09 07:12:00,1.000,completed
SE000666,ST002,4,2026-06-09 06:38:00,2026-06-09 07:37:00,2.611,completed
SE000667,ST012,4,2026-06-09 07:07:00,2026-06-09 14:52:00,78.763,completed
SE000668,ST012,1,2026-06-09 07:16:00,2026-06-09 09:59:00,34.856,completed
SE000669,ST012,5,2026-06-09 07:31:00,2026-06-09 12:31:00,76.268,completed
SE000670,ST002,3,2026-06-09 07:35:00,2026-06-09 09:49:00,17.832,completed
SE000671,ST012,3,2026-06-09 07:53:00,2026-06-09 12:26:00,15.119,completed
SE000672,ST012,2,2026-06-09 08:09:00,2026-06-09 09:12:00,5.076,completed
SE000673,ST015,2,2026-06-09 08:17:00,2026-06-09 11:04:00,8.608,completed
SE000674,ST013,4,2026-06-09 08:48:00,2026-06-09 09:47:00,4.210,completed
SE000675,ST015,4,2026-06-09 08:53:00,2026-06-09 12:04:00,15.719,completed
SE000676,ST002,5,2026-06-09 08:55:00,2026-06-09 10:49:00,11.173,completed
SE000677,ST014,1,2026-06-09 08:57:00,2026-06-09 14:31:00,59.690,completed
SE000678,ST014,5,2026-06-09 09:02:00,2026-06-09 16:12:00,41.296,completed
SE000679,ST012,2,2026-06-09 09:15:00,2026-06-09 10:40:00,7.075,completed
SE000680,ST019,3,2026-06-09 09:24:00,2026-06-09 19:07:00,47.914,completed
SE000681,ST009,2,2026-06-09 09:34:00,2026-06-09 19:03:00,67.756,completed
SE000682,ST007,1,2026-06-09 09:47:00,2026-06-09 11:28:00,6.960,completed
SE000683,ST002,2,2026-06-09 09:54:00,2026-06-09 15:02:00,34.469,completed
SE000684,ST004,3,2026-06-09 09:56:00,2026-06-09 15:51:00,45.662,completed
SE000685,ST012,1,2026-06-09 10:12:00,2026-06-09 16:12:00,71.191,completed
SE000686,ST014,3,2026-06-09 10:13:00,2026-06-09 13:10:00,43.119,completed
SE000687,ST015,1,2026-06-09 10:13:00,2026-06-09 15:56:00,39.182,completed
SE000688,ST015,3,2026-06-09 10:21:00,2026-06-09 10:25:00,0.000,failed
SE000689,ST015,3,2026-06-09 10:25:00,2026-06-09 13:51:00,7.521,completed
SE000690,ST006,2,2026-06-09 10:40:00,2026-06-09 11:07:00,1.451,completed
SE000691,ST013,3,2026-06-09 11:24:00,2026-06-09 19:01:00,47.365,completed
SE000692,ST015,2,2026-06-09 11:28:00,2026-06-09 17:47:00,13.467,completed
SE000693,ST017,2,2026-06-09 11:49:00,2026-06-09 12:36:00,8.655,completed
SE000694,ST017,4,2026-06-09 11:58:00,2026-06-09 12:33:00,2.429,completed
SE000695,ST007,3,2026-06-09 12:28:00,2026-06-09 14:26:00,13.710,completed
SE000696,ST017,5,2026-06-09 12:41:00,2026-06-09 14:35:00,16.070,completed
SE000697,ST007,1,2026-06-09 12:47:00,2026-06-09 13:29:00,3.546,completed
SE000698,ST010,5,2026-06-09 13:01:00,2026-06-09 15:25:00,12.079,completed
SE000699,ST006,2,2026-06-09 13:02:00,2026-06-09 14:40:00,8.914,completed
SE000700,ST004,1,2026-06-09 13:33:00,2026-06-09 15:37:00,23.476,completed
SE000701,ST011,1,2026-06-09 13:38:00,2026-06-09 15:05:00,5.056,completed
SE000702,ST013,1,2026-06-09 13:40:00,2026-06-09 13:47:00,0.000,failed
SE000703,ST017,4,2026-06-09 14:10:00,2026-06-09 14:15:00,0.000,failed
SE000704,ST002,1,2026-06-09 14:19:00,2026-06-09 20:19:00,43.002,completed
SE000705,ST011,4,2026-06-09 14:39:00,2026-06-09 15:03:00,0.823,completed
SE000706,ST011,5,2026-06-09 14:39:00,2026-06-09 15:03:00,0.641,completed
SE000707,ST011,3,2026-06-09 15:34:00,2026-06-09 16:01:00,1.993,completed
SE000708,ST012,3,2026-06-09 15:41:00,2026-06-09 18:18:00,21.376,completed
SE000709,ST017,6,2026-06-09 15:52:00,2026-06-09 17:32:00,10.105,completed
SE000710,ST007,4,2026-06-09 16:07:00,2026-06-09 18:05:00,4.408,completed
SE000711,ST010,6,2026-06-09 16:16:00,2026-06-09 16:23:00,0.000,failed
SE000712,ST002,5,2026-06-09 16:23:00,2026-06-09 20:28:00,22.108,completed
SE000713,ST005,6,2026-06-09 16:32:00,2026-06-09 18:53:00,19.265,completed
SE000714,ST007,2,2026-06-09 17:03:00,2026-06-09 18:52:00,9.368,completed
SE000715,ST019,1,2026-06-09 17:07:00,2026-06-09 17:10:00,0.000,failed
SE000716,ST017,5,2026-06-09 17:09:00,2026-06-09 17:17:00,0.000,failed
SE000717,ST017,3,2026-06-09 17:10:00,2026-06-09 18:20:00,11.129,completed
SE000718,ST011,5,2026-06-09 17:11:00,2026-06-09 18:22:00,4.595,completed
SE000719,ST003,3,2026-06-09 17:56:00,2026-06-09 20:06:00,8.596,completed
SE000720,ST007,3,2026-06-09 18:06:00,2026-06-09 20:12:00,11.820,completed
SE000721,ST016,4,2026-06-09 18:07:00,2026-06-10 00:43:00,32.064,completed
SE000722,ST009,1,2026-06-09 18:08:00,2026-06-09 22:33:00,13.952,completed
SE000723,ST016,1,2026-06-09 18:20:00,2026-06-09 22:44:00,27.787,completed
SE000724,ST016,2,2026-06-09 19:24:00,2026-06-09 19:32:00,0.000,failed
SE000725,ST004,3,2026-06-09 19:34:00,2026-06-09 19:41:00,0.000,failed
SE000726,ST008,4,2026-06-09 19:50:00,2026-06-09 21:31:00,8.851,completed
SE000727,ST004,2,2026-06-09 20:02:00,2026-06-10 04:38:00,93.040,completed
SE000728,ST012,4,2026-06-09 20:09:00,2026-06-10 03:45:00,62.193,completed
SE000729,ST009,2,2026-06-09 20:12:00,2026-06-10 02:22:00,15.170,completed
SE000730,ST016,3,2026-06-09 21:13:00,2026-06-10 03:36:00,30.096,completed
SE000731,ST005,5,2026-06-09 21:25:00,2026-06-10 00:33:00,17.149,completed
SE000732,ST016,6,2026-06-09 21:32:00,2026-06-10 00:22:00,12.132,completed
SE000733,ST016,5,2026-06-09 22:05:00,2026-06-10 04:17:00,10.001,completed
SE000734,ST012,1,2026-06-09 22:26:00,2026-06-10 04:28:00,80.755,completed
SE000735,ST002,6,2026-06-09 22:38:00,2026-06-10 02:05:00,11.671,completed
SE000736,ST009,1,2026-06-09 22:40:00,2026-06-10 06:35:00,17.660,completed
SE000737,ST019,1,2026-06-10 01:43:00,2026-06-10 03:22:00,2.682,completed
SE000738,ST016,1,2026-06-10 01:56:00,2026-06-10 09:23:00,21.647,completed
SE000739,ST005,1,2026-06-10 02:04:00,2026-06-10 02:06:00,0.000,failed
SE000740,ST017,1,2026-06-10 02:22:00,2026-06-10 03:45:00,4.442,completed
SE000741,ST016,2,2026-06-10 03:20:00,2026-06-10 11:56:00,13.656,completed
SE000742,ST005,4,2026-06-10 04:40:00,2026-06-10 09:24:00,35.370,completed
SE000743,ST014,3,2026-06-10 04:59:00,2026-06-10 07:02:00,8.890,completed
SE000744,ST008,3,2026-06-10 05:17:00,2026-06-10 08:43:00,13.077,completed
SE000745,ST012,4,2026-06-10 06:52:00,2026-06-10 14:40:00,111.011,completed
SE000746,ST005,3,2026-06-10 06:53:00,2026-06-10 06:57:00,0.000,failed
SE000747,ST016,6,2026-06-10 07:00:00,2026-06-10 15:06:00,65.894,completed
SE000748,ST014,1,2026-06-10 07:01:00,2026-06-10 10:50:00,51.849,completed
SE000749,ST008,2,2026-06-10 07:04:00,2026-06-10 10:19:00,11.680,completed
SE000750,ST015,4,2026-06-10 07:04:00,2026-06-10 13:56:00,47.174,completed
SE000751,ST005,6,2026-06-10 07:12:00,2026-06-10 13:55:00,16.073,completed
SE000752,ST002,1,2026-06-10 07:20:00,2026-06-10 12:25:00,22.113,completed
SE000753,ST002,6,2026-06-10 07:38:00,2026-06-10 09:41:00,3.979,completed
SE000754,ST014,3,2026-06-10 07:44:00,2026-06-10 12:18:00,67.207,completed
SE000755,ST017,1,2026-06-10 07:58:00,2026-06-10 10:18:00,37.685,completed
SE000756,ST008,5,2026-06-10 08:11:00,2026-06-10 10:50:00,4.501,completed
SE000757,ST002,2,2026-06-10 08:19:00,2026-06-10 10:35:00,6.464,completed
SE000758,ST010,2,2026-06-10 08:30:00,2026-06-10 09:44:00,7.933,completed
SE000759,ST008,4,2026-06-10 08:50:00,2026-06-10 12:56:00,10.992,completed
SE000760,ST017,6,2026-06-10 09:26:00,2026-06-10 10:07:00,9.646,completed
SE000761,ST017,2,2026-06-10 09:33:00,2026-06-10 10:54:00,5.454,completed
SE000762,ST010,5,2026-06-10 09:44:00,2026-06-10 10:11:00,4.349,completed
SE000763,ST013,6,2026-06-10 09:45:00,2026-06-10 14:00:00,18.961,completed
SE000764,ST009,2,2026-06-10 09:57:00,2026-06-10 17:42:00,56.696,completed
SE000765,ST018,1,2026-06-10 10:22:00,2026-06-10 13:10:00,34.780,completed
SE000766,ST002,6,2026-06-10 10:56:00,2026-06-10 15:39:00,30.123,completed
SE000767,ST006,1,2026-06-10 11:51:00,2026-06-10 13:30:00,20.280,completed
SE000768,ST010,3,2026-06-10 12:07:00,2026-06-10 12:47:00,8.121,completed
SE000769,ST010,2,2026-06-10 12:39:00,2026-06-10 14:00:00,9.721,completed
SE000770,ST017,1,2026-06-10 12:46:00,2026-06-10 14:15:00,23.564,completed
SE000771,ST010,5,2026-06-10 12:48:00,2026-06-10 13:39:00,12.363,completed
SE000772,ST011,5,2026-06-10 13:22:00,2026-06-10 14:03:00,1.186,completed
SE000773,ST017,3,2026-06-10 13:44:00,2026-06-10 14:29:00,9.035,completed
SE000774,ST002,4,2026-06-10 13:48:00,2026-06-10 15:51:00,11.492,completed
SE000775,ST017,5,2026-06-10 13:51:00,2026-06-10 15:56:00,18.947,completed
SE000776,ST010,1,2026-06-10 14:11:00,2026-06-10 15:36:00,19.616,completed
SE000777,ST012,5,2026-06-10 14:31:00,2026-06-10 18:17:00,33.824,completed
SE000778,ST017,2,2026-06-10 14:46:00,2026-06-10 16:36:00,29.346,completed
SE000779,ST016,2,2026-06-10 14:59:00,2026-06-10 21:30:00,50.206,completed
SE000780,ST010,6,2026-06-10 15:05:00,2026-06-10 16:57:00,17.891,completed
SE000781,ST008,1,2026-06-10 15:39:00,2026-06-10 19:06:00,4.888,completed
SE000782,ST010,4,2026-06-10 15:43:00,2026-06-10 18:09:00,5.825,completed
SE000783,ST002,6,2026-06-10 15:51:00,2026-06-10 17:07:00,9.194,completed
SE000784,ST003,2,2026-06-10 16:17:00,2026-06-10 16:51:00,1.531,completed
SE000785,ST010,2,2026-06-10 16:29:00,2026-06-10 18:27:00,3.803,completed
SE000786,ST010,5,2026-06-10 16:31:00,2026-06-10 18:37:00,30.733,completed
SE000787,ST013,4,2026-06-10 16:39:00,2026-06-10 22:05:00,7.229,completed
SE000788,ST004,1,2026-06-10 17:14:00,2026-06-10 21:02:00,52.638,completed
SE000789,ST016,4,2026-06-10 17:20:00,2026-06-10 21:03:00,16.922,completed
SE000790,ST010,3,2026-06-10 17:42:00,2026-06-10 19:58:00,11.745,completed
SE000791,ST019,1,2026-06-10 17:51:00,2026-06-10 22:29:00,10.845,completed
SE000792,ST005,2,2026-06-10 17:54:00,2026-06-10 17:56:00,0.000,failed
SE000793,ST009,1,2026-06-10 18:09:00,2026-06-10 22:53:00,4.820,completed
SE000794,ST005,1,2026-06-10 18:12:00,2026-06-10 22:42:00,10.004,completed
SE000795,ST017,5,2026-06-10 18:35:00,2026-06-10 19:49:00,11.580,completed
SE000796,ST007,1,2026-06-10 18:43:00,2026-06-10 19:43:00,2.294,completed
SE000797,ST010,4,2026-06-10 18:48:00,2026-06-10 21:00:00,17.891,completed
SE000798,ST006,1,2026-06-10 19:00:00,2026-06-10 20:55:00,14.343,completed
SE000799,ST010,5,2026-06-10 19:04:00,2026-06-10 19:32:00,5.065,completed
SE000800,ST010,2,2026-06-10 19:49:00,2026-06-10 21:05:00,9.534,completed
SE000801,ST005,6,2026-06-10 20:31:00,2026-06-11 06:23:00,41.684,completed
SE000802,ST004,3,2026-06-10 20:52:00,2026-06-11 00:43:00,29.655,completed
SE000803,ST008,3,2026-06-10 21:10:00,2026-06-11 00:01:00,4.260,completed
SE000804,ST019,3,2026-06-10 21:41:00,2026-06-11 04:25:00,10.350,completed
SE000805,ST005,5,2026-06-10 22:04:00,2026-06-11 04:04:00,9.506,completed
SE000806,ST011,2,2026-06-10 22:23:00,2026-06-11 00:34:00,10.490,completed
SE000807,ST016,1,2026-06-10 22:27:00,2026-06-11 01:39:00,24.698,completed
SE000808,ST005,4,2026-06-10 22:28:00,2026-06-11 04:30:00,29.437,completed
SE000809,ST005,2,2026-06-10 22:31:00,2026-06-11 07:37:00,41.328,completed
SE000810,ST016,2,2026-06-10 22:58:00,2026-06-11 03:27:00,19.234,completed
SE000811,ST014,1,2026-06-10 23:35:00,2026-06-11 05:19:00,53.814,completed
SE000812,ST007,4,2026-06-11 00:57:00,2026-06-11 03:22:00,8.665,completed
SE000813,ST017,1,2026-06-11 04:31:00,2026-06-11 06:03:00,4.158,completed
SE000814,ST015,3,2026-06-11 05:02:00,2026-06-11 12:00:00,38.307,completed
SE000815,ST007,1,2026-06-11 05:04:00,2026-06-11 05:28:00,0.924,completed
SE000816,ST005,1,2026-06-11 05:42:00,2026-06-11 08:03:00,6.763,completed
SE000817,ST017,6,2026-06-11 06:16:00,2026-06-11 06:57:00,7.743,completed
SE000818,ST005,2,2026-06-11 07:57:00,2026-06-11 15:25:00,20.346,completed
SE000819,ST008,1,2026-06-11 07:58:00,2026-06-11 10:16:00,9.570,completed
SE000820,ST007,1,2026-06-11 08:08:00,2026-06-11 10:29:00,11.034,completed
SE000821,ST012,1,2026-06-11 08:08:00,2026-06-11 11:45:00,28.562,completed
SE000822,ST018,2,2026-06-11 08:22:00,2026-06-11 10:05:00,11.858,completed
SE000823,ST007,3,2026-06-11 08:23:00,2026-06-11 09:12:00,1.294,completed
SE000824,ST008,5,2026-06-11 08:28:00,2026-06-11 14:36:00,14.701,completed
SE000825,ST012,3,2026-06-11 08:40:00,2026-06-11 12:26:00,31.590,completed
SE000826,ST019,3,2026-06-11 08:46:00,2026-06-11 13:50:00,23.224,completed
SE000827,ST012,5,2026-06-11 08:50:00,2026-06-11 10:06:00,16.240,completed
SE000828,ST015,1,2026-06-11 09:17:00,2026-06-11 14:11:00,19.984,completed
SE000829,ST016,1,2026-06-11 09:20:00,2026-06-11 15:53:00,18.592,completed
SE000830,ST007,2,2026-06-11 09:24:00,2026-06-11 10:58:00,10.001,completed
SE000831,ST017,1,2026-06-11 09:31:00,2026-06-11 11:20:00,4.311,completed
SE000832,ST007,4,2026-06-11 09:38:00,2026-06-11 11:55:00,14.712,completed
SE000833,ST008,3,2026-06-11 09:59:00,2026-06-11 14:10:00,5.937,completed
SE000834,ST003,3,2026-06-11 10:00:00,2026-06-11 10:43:00,2.764,completed
SE000835,ST010,1,2026-06-11 10:14:00,2026-06-11 10:46:00,1.051,completed
SE000836,ST003,2,2026-06-11 10:33:00,2026-06-11 11:12:00,1.846,completed
SE000837,ST003,3,2026-06-11 10:43:00,2026-06-11 11:46:00,6.931,completed
SE000838,ST017,3,2026-06-11 11:01:00,2026-06-11 11:27:00,4.748,completed
SE000839,ST006,2,2026-06-11 11:03:00,2026-06-11 12:57:00,7.249,completed
SE000840,ST008,4,2026-06-11 11:11:00,2026-06-11 13:42:00,5.809,completed
SE000841,ST017,2,2026-06-11 12:18:00,2026-06-11 12:23:00,0.000,failed
SE000842,ST015,4,2026-06-11 12:34:00,2026-06-11 17:22:00,36.761,completed
SE000843,ST016,2,2026-06-11 13:14:00,2026-06-11 21:24:00,10.479,completed
SE000844,ST016,5,2026-06-11 13:25:00,2026-06-11 19:27:00,9.174,completed
SE000845,ST007,4,2026-06-11 13:32:00,2026-06-11 13:37:00,0.000,failed
SE000846,ST007,2,2026-06-11 13:45:00,2026-06-11 14:51:00,8.060,completed
SE000847,ST015,2,2026-06-11 13:47:00,2026-06-11 21:32:00,24.859,completed
SE000848,ST003,1,2026-06-11 14:00:00,2026-06-11 14:20:00,0.428,completed
SE000849,ST017,3,2026-06-11 14:02:00,2026-06-11 16:20:00,13.154,completed
SE000850,ST006,1,2026-06-11 14:45:00,2026-06-11 16:34:00,6.056,completed
SE000851,ST008,1,2026-06-11 14:51:00,2026-06-11 21:48:00,30.830,completed
SE000852,ST007,1,2026-06-11 14:57:00,2026-06-11 17:24:00,13.660,completed
SE000853,ST018,2,2026-06-11 15:04:00,2026-06-11 17:44:00,34.032,completed
SE000854,ST017,5,2026-06-11 15:27:00,2026-06-11 16:42:00,13.430,completed
SE000855,ST008,4,2026-06-11 16:11:00,2026-06-11 23:30:00,49.701,completed
SE000856,ST010,2,2026-06-11 16:22:00,2026-06-11 17:47:00,12.892,completed
SE000857,ST017,6,2026-06-11 16:40:00,2026-06-11 18:03:00,18.038,completed
SE000858,ST017,3,2026-06-11 17:02:00,2026-06-11 17:22:00,1.551,completed
SE000859,ST016,3,2026-06-11 17:21:00,2026-06-11 19:20:00,4.494,completed
SE000860,ST010,5,2026-06-11 17:23:00,2026-06-11 19:25:00,4.127,completed
SE000861,ST016,6,2026-06-11 17:31:00,2026-06-11 19:31:00,4.305,completed
SE000862,ST019,1,2026-06-11 17:52:00,2026-06-11 17:57:00,0.000,failed
SE000863,ST015,1,2026-06-11 18:01:00,2026-06-11 23:42:00,27.091,completed
SE000864,ST017,6,2026-06-11 18:12:00,2026-06-11 19:24:00,3.924,completed
SE000865,ST016,4,2026-06-11 18:15:00,2026-06-11 18:22:00,0.000,failed
SE000866,ST006,1,2026-06-11 18:16:00,2026-06-11 19:44:00,15.917,completed
SE000867,ST019,1,2026-06-11 18:40:00,2026-06-11 21:11:00,7.604,completed
SE000868,ST017,1,2026-06-11 18:53:00,2026-06-11 20:50:00,14.546,completed
SE000869,ST007,4,2026-06-11 18:54:00,2026-06-11 20:06:00,2.907,completed
SE000870,ST003,3,2026-06-11 18:58:00,2026-06-11 20:15:00,6.938,completed
SE000871,ST005,4,2026-06-11 19:21:00,2026-06-11 21:01:00,9.725,completed
SE000872,ST007,2,2026-06-11 19:25:00,2026-06-11 21:09:00,7.591,completed
SE000873,ST016,1,2026-06-11 19:32:00,2026-06-11 22:46:00,13.633,completed
SE000874,ST008,2,2026-06-11 20:21:00,2026-06-12 00:36:00,27.073,completed
SE000875,ST019,2,2026-06-11 20:31:00,2026-06-11 22:26:00,6.336,completed
SE000876,ST016,3,2026-06-11 20:45:00,2026-06-12 05:36:00,69.498,completed
SE000877,ST016,4,2026-06-11 20:58:00,2026-06-11 23:07:00,8.029,completed
SE000878,ST005,4,2026-06-11 21:05:00,2026-06-12 01:41:00,18.185,completed
SE000879,ST017,5,2026-06-11 21:16:00,2026-06-11 21:21:00,0.000,failed
SE000880,ST016,5,2026-06-11 21:40:00,2026-06-12 04:23:00,44.551,completed
SE000881,ST012,4,2026-06-11 22:13:00,2026-06-11 23:56:00,24.427,completed
SE000882,ST007,4,2026-06-11 22:28:00,2026-06-11 22:52:00,1.092,completed
SE000883,ST019,3,2026-06-11 23:36:00,2026-06-12 04:34:00,25.295,completed
SE000884,ST017,4,2026-06-12 00:42:00,2026-06-12 01:04:00,2.490,completed
SE000885,ST010,4,2026-06-12 02:19:00,2026-06-12 03:31:00,8.678,completed
SE000886,ST009,1,2026-06-12 02:23:00,2026-06-12 05:16:00,9.699,completed
SE000887,ST005,2,2026-06-12 02:36:00,2026-06-12 09:18:00,55.173,completed
SE000888,ST017,5,2026-06-12 02:54:00,2026-06-12 04:20:00,23.294,completed
SE000889,ST017,1,2026-06-12 03:03:00,2026-06-12 05:05:00,10.864,completed
SE000890,ST004,2,2026-06-12 03:28:00,2026-06-12 07:57:00,36.853,completed
SE000891,ST017,2,2026-06-12 04:00:00,2026-06-12 05:34:00,7.836,completed
SE000892,ST007,3,2026-06-12 04:52:00,2026-06-12 05:48:00,7.389,completed
SE000893,ST005,6,2026-06-12 07:06:00,2026-06-12 15:20:00,57.331,completed
SE000894,ST013,3,2026-06-12 07:27:00,2026-06-12 11:52:00,27.060,completed
SE000895,ST014,3,2026-06-12 07:28:00,2026-06-12 10:55:00,34.637,completed
SE000896,ST014,4,2026-06-12 07:44:00,2026-06-12 09:08:00,6.784,completed
SE000897,ST013,6,2026-06-12 08:15:00,2026-06-12 14:15:00,7.892,completed
SE000898,ST013,5,2026-06-12 08:18:00,2026-06-12 12:32:00,18.192,completed
SE000899,ST016,3,2026-06-12 08:20:00,2026-06-12 10:35:00,12.692,completed
SE000900,ST017,3,2026-06-12 08:46:00,2026-06-12 09:42:00,11.827,completed
SE000901,ST017,1,2026-06-12 08:49:00,2026-06-12 10:38:00,23.654,completed
SE000902,ST013,4,2026-06-12 09:00:00,2026-06-12 16:46:00,56.304,completed
SE000903,ST007,1,2026-06-12 09:04:00,2026-06-12 11:09:00,5.123,completed
SE000904,ST004,2,2026-06-12 09:15:00,2026-06-12 12:45:00,12.262,completed
SE000905,ST008,1,2026-06-12 09:19:00,2026-06-12 17:02:00,60.777,completed
SE000906,ST007,3,2026-06-12 09:21:00,2026-06-12 09:54:00,1.303,completed
SE000907,ST005,1,2026-06-12 09:37:00,2026-06-12 13:55:00,4.966,completed
SE000908,ST008,2,2026-06-12 09:40:00,2026-06-12 16:19:00,43.170,completed
SE000909,ST002,3,2026-06-12 09:54:00,2026-06-12 17:35:00,25.378,completed
SE000910,ST017,6,2026-06-12 09:55:00,2026-06-12 11:20:00,2.676,completed
SE000911,ST006,1,2026-06-12 09:56:00,2026-06-12 10:41:00,2.514,completed
SE000912,ST013,1,2026-06-12 10:35:00,2026-06-12 12:54:00,4.973,completed
SE000913,ST010,2,2026-06-12 11:30:00,2026-06-12 11:52:00,4.362,completed
SE000914,ST010,6,2026-06-12 12:00:00,2026-06-12 13:14:00,12.314,completed
SE000915,ST007,1,2026-06-12 12:32:00,2026-06-12 13:25:00,4.322,completed
SE000916,ST016,6,2026-06-12 12:48:00,2026-06-12 17:34:00,13.242,completed
SE000917,ST013,5,2026-06-12 12:51:00,2026-06-12 18:29:00,38.451,completed
SE000918,ST010,4,2026-06-12 13:13:00,2026-06-12 14:58:00,23.283,completed
SE000919,ST016,4,2026-06-12 13:21:00,2026-06-12 19:20:00,16.328,completed
SE000920,ST014,2,2026-06-12 13:34:00,2026-06-12 17:14:00,59.042,completed
SE000921,ST015,2,2026-06-12 13:56:00,2026-06-12 15:29:00,3.621,completed
SE000922,ST005,1,2026-06-12 14:07:00,2026-06-12 17:43:00,24.167,completed
SE000923,ST014,1,2026-06-12 14:07:00,2026-06-12 16:30:00,21.982,completed
SE000924,ST007,1,2026-06-12 14:30:00,2026-06-12 15:23:00,2.804,completed
SE000925,ST013,3,2026-06-12 15:11:00,2026-06-12 19:43:00,12.678,completed
SE000926,ST010,2,2026-06-12 15:19:00,2026-06-12 16:52:00,11.596,completed
SE000927,ST017,2,2026-06-12 15:23:00,2026-06-12 17:19:00,17.646,completed
SE000928,ST013,6,2026-06-12 15:55:00,2026-06-12 17:55:00,12.864,completed
SE000929,ST008,3,2026-06-12 16:03:00,2026-06-12 20:20:00,14.951,completed
SE000930,ST010,6,2026-06-12 16:07:00,2026-06-12 17:29:00,6.785,completed
SE000931,ST013,2,2026-06-12 16:31:00,2026-06-12 19:00:00,9.832,completed
SE000932,ST007,2,2026-06-12 16:33:00,2026-06-12 18:13:00,1.717,completed
SE000933,ST010,3,2026-06-12 17:21:00,2026-06-12 18:00:00,8.937,completed
SE000934,ST017,4,2026-06-12 17:28:00,2026-06-12 19:49:00,7.678,completed
SE000935,ST009,2,2026-06-12 17:30:00,2026-06-13 01:48:00,37.812,completed
SE000936,ST006,1,2026-06-12 17:48:00,2026-06-12 19:30:00,6.006,completed
SE000937,ST016,1,2026-06-12 18:01:00,2026-06-12 19:49:00,11.511,completed
SE000938,ST010,5,2026-06-12 18:17:00,2026-06-12 19:52:00,8.693,completed
SE000939,ST010,6,2026-06-12 18:24:00,2026-06-12 20:33:00,10.423,completed
SE000940,ST016,2,2026-06-12 18:32:00,2026-06-12 21:55:00,12.285,completed
SE000941,ST010,3,2026-06-12 18:33:00,2026-06-12 19:15:00,9.810,completed
SE000942,ST007,2,2026-06-12 19:38:00,2026-06-12 22:03:00,6.631,completed
SE000943,ST017,5,2026-06-12 19:51:00,2026-06-12 20:44:00,9.685,completed
SE000944,ST016,5,2026-06-12 20:04:00,2026-06-13 03:48:00,48.680,completed
SE000945,ST018,2,2026-06-12 20:04:00,2026-06-13 00:51:00,29.808,completed
SE000946,ST004,1,2026-06-12 20:25:00,2026-06-12 23:22:00,48.391,completed
SE000947,ST005,2,2026-06-12 20:54:00,2026-06-12 22:46:00,3.958,completed
SE000948,ST005,1,2026-06-12 21:37:00,2026-06-13 02:30:00,39.275,completed
SE000949,ST004,2,2026-06-12 22:00:00,2026-06-13 06:37:00,84.755,completed
SE000950,ST007,4,2026-06-12 22:12:00,2026-06-13 00:23:00,5.736,completed
SE000951,ST005,3,2026-06-12 22:20:00,2026-06-13 04:56:00,23.387,completed
SE000952,ST005,5,2026-06-12 22:49:00,2026-06-13 04:38:00,15.588,completed
SE000953,ST016,4,2026-06-12 23:09:00,2026-06-13 06:50:00,61.750,completed
SE000954,ST008,5,2026-06-12 23:41:00,2026-06-13 05:50:00,21.037,completed
SE000955,ST016,2,2026-06-12 23:53:00,2026-06-13 06:57:00,32.307,completed
SE000956,ST016,3,2026-06-13 00:19:00,2026-06-13 03:26:00,10.560,completed
SE000957,ST017,5,2026-06-13 02:42:00,2026-06-13 04:32:00,20.474,completed
SE000958,ST005,4,2026-06-13 02:45:00,2026-06-13 07:44:00,11.122,completed
SE000959,ST017,4,2026-06-13 03:28:00,2026-06-13 04:09:00,2.782,completed
SE000960,ST006,1,2026-06-13 04:18:00,2026-06-13 05:30:00,2.296,completed
SE000961,ST011,1,2026-06-13 04:54:00,2026-06-13 04:57:00,0.000,failed
SE000962,ST017,4,2026-06-13 05:16:00,2026-06-13 07:05:00,21.022,completed
SE000963,ST017,6,2026-06-13 05:29:00,2026-06-13 06:03:00,4.899,completed
SE000964,ST008,4,2026-06-13 07:49:00,2026-06-13 10:09:00,18.720,completed
SE000965,ST015,1,2026-06-13 08:00:00,2026-06-13 09:32:00,11.199,completed
SE000966,ST016,2,2026-06-13 08:42:00,2026-06-13 11:08:00,12.952,completed
SE000967,ST018,1,2026-06-13 09:02:00,2026-06-13 17:02:00,130.132,completed
SE000968,ST013,4,2026-06-13 09:40:00,2026-06-13 12:23:00,5.049,completed
SE000969,ST015,1,2026-06-13 09:41:00,2026-06-13 17:20:00,16.455,completed
SE000970,ST015,4,2026-06-13 09:48:00,2026-06-13 13:36:00,16.868,completed
SE000971,ST014,3,2026-06-13 09:55:00,2026-06-13 15:14:00,86.076,completed
SE000972,ST011,5,2026-06-13 10:06:00,2026-06-13 11:13:00,3.980,completed
SE000973,ST011,1,2026-06-13 10:28:00,2026-06-13 11:07:00,0.783,completed
SE000974,ST014,5,2026-06-13 10:30:00,2026-06-13 10:34:00,0.000,failed
SE000975,ST017,3,2026-06-13 10:45:00,2026-06-13 11:46:00,11.649,completed
SE000976,ST016,6,2026-06-13 10:54:00,2026-06-13 16:54:00,11.443,completed
SE000977,ST008,2,2026-06-13 11:12:00,2026-06-13 14:54:00,27.937,completed
SE000978,ST011,3,2026-06-13 11:13:00,2026-06-13 12:12:00,0.623,completed
SE000979,ST016,1,2026-06-13 11:17:00,2026-06-13 16:49:00,14.145,completed
SE000980,ST010,2,2026-06-13 11:33:00,2026-06-13 14:03:00,18.430,completed
SE000981,ST017,4,2026-06-13 11:36:00,2026-06-13 14:03:00,36.233,completed
SE000982,ST006,2,2026-06-13 11:39:00,2026-06-13 13:22:00,5.534,completed
SE000983,ST013,4,2026-06-13 14:41:00,2026-06-13 18:15:00,26.302,completed
SE000984,ST011,3,2026-06-13 14:43:00,2026-06-13 15:10:00,1.023,completed
SE000985,ST003,4,2026-06-13 15:40:00,2026-06-13 16:05:00,0.524,completed
SE000986,ST017,3,2026-06-13 15:49:00,2026-06-13 17:15:00,5.605,completed
SE000987,ST011,2,2026-06-13 16:00:00,2026-06-13 17:23:00,2.147,completed
SE000988,ST017,1,2026-06-13 16:20:00,2026-06-13 18:20:00,18.683,completed
SE000989,ST013,6,2026-06-13 16:59:00,2026-06-13 20:54:00,20.412,completed
SE000990,ST005,6,2026-06-13 17:31:00,2026-06-13 23:43:00,20.404,completed
SE000991,ST016,2,2026-06-13 17:55:00,2026-06-14 03:03:00,35.758,completed
SE000992,ST017,4,2026-06-13 18:20:00,2026-06-13 19:11:00,10.492,completed
SE000993,ST007,1,2026-06-13 18:27:00,2026-06-13 19:50:00,10.810,completed
SE000994,ST017,2,2026-06-13 18:56:00,2026-06-13 19:55:00,10.610,completed
SE000995,ST017,3,2026-06-13 19:01:00,2026-06-13 20:11:00,17.669,completed
SE000996,ST011,1,2026-06-13 19:44:00,2026-06-13 22:02:00,1.882,completed
SE000997,ST018,1,2026-06-13 19:51:00,2026-06-13 19:54:00,0.000,failed
SE000998,ST004,1,2026-06-13 20:21:00,2026-06-13 22:02:00,19.701,completed
SE000999,ST012,4,2026-06-13 20:50:00,2026-06-14 03:54:00,81.819,completed
SE001000,ST016,5,2026-06-13 21:20:00,2026-06-14 03:53:00,36.450,completed
SE001001,ST009,2,2026-06-13 21:31:00,2026-06-14 06:18:00,27.152,completed
SE001002,ST017,3,2026-06-13 21:31:00,2026-06-13 22:44:00,8.992,completed
SE001003,ST008,3,2026-06-13 21:43:00,2026-06-13 22:42:00,5.873,completed
SE001004,ST016,4,2026-06-13 21:55:00,2026-06-14 03:17:00,29.466,completed
SE001005,ST016,3,2026-06-13 21:56:00,2026-06-14 05:56:00,31.543,completed
SE001006,ST019,2,2026-06-13 21:59:00,2026-06-14 06:50:00,11.272,completed
SE001007,ST016,6,2026-06-13 22:45:00,2026-06-14 02:32:00,24.558,completed
SE001008,ST005,2,2026-06-13 22:54:00,2026-06-14 01:01:00,12.442,completed
SE001009,ST011,5,2026-06-14 00:26:00,2026-06-14 02:32:00,5.330,completed
SE001010,ST019,1,2026-06-14 00:32:00,2026-06-14 08:32:00,24.728,completed
SE001011,ST006,1,2026-06-14 00:55:00,2026-06-14 01:15:00,1.595,completed
SE001012,ST017,5,2026-06-14 00:56:00,2026-06-14 03:05:00,22.597,completed
SE001013,ST014,1,2026-06-14 00:57:00,2026-06-14 08:08:00,114.415,completed
SE001014,ST011,4,2026-06-14 01:50:00,2026-06-14 03:36:00,5.988,completed
SE001015,ST011,5,2026-06-14 02:59:00,2026-06-14 04:49:00,6.710,completed
SE001016,ST009,1,2026-06-14 03:49:00,2026-06-14 12:49:00,43.331,completed
SE001017,ST016,5,2026-06-14 05:10:00,2026-06-14 11:38:00,23.325,completed
SE001018,ST011,1,2026-06-14 07:19:00,2026-06-14 08:44:00,7.232,completed
SE001019,ST011,5,2026-06-14 07:29:00,2026-06-14 09:00:00,4.980,completed
SE001020,ST010,4,2026-06-14 07:50:00,2026-06-14 09:39:00,23.906,completed
SE001021,ST012,3,2026-06-14 08:06:00,2026-06-14 15:17:00,28.870,completed
SE001022,ST012,2,2026-06-14 08:34:00,2026-06-14 09:47:00,13.276,completed
SE001023,ST008,4,2026-06-14 08:44:00,2026-06-14 15:29:00,12.594,completed
SE001024,ST014,2,2026-06-14 08:55:00,2026-06-14 16:34:00,83.958,completed
SE001025,ST008,3,2026-06-14 09:00:00,2026-06-14 11:22:00,9.864,completed
SE001026,ST011,3,2026-06-14 09:06:00,2026-06-14 09:39:00,1.339,completed
SE001027,ST008,2,2026-06-14 09:23:00,2026-06-14 11:40:00,2.361,completed
SE001028,ST011,2,2026-06-14 09:44:00,2026-06-14 10:08:00,2.173,completed
SE001029,ST008,1,2026-06-14 10:01:00,2026-06-14 18:00:00,15.602,completed
SE001030,ST015,3,2026-06-14 10:04:00,2026-06-14 15:25:00,17.523,completed
SE001031,ST017,2,2026-06-14 10:04:00,2026-06-14 10:56:00,5.098,completed
SE001032,ST011,5,2026-06-14 10:08:00,2026-06-14 10:45:00,1.054,completed
SE001033,ST009,2,2026-06-14 10:10:00,2026-06-14 17:52:00,22.277,completed
SE001034,ST016,6,2026-06-14 10:21:00,2026-06-14 13:39:00,18.069,completed
SE001035,ST010,2,2026-06-14 10:33:00,2026-06-14 12:24:00,21.957,completed
SE001036,ST002,6,2026-06-14 10:55:00,2026-06-14 15:16:00,17.714,completed
SE001037,ST011,3,2026-06-14 11:19:00,2026-06-14 11:59:00,3.298,completed
SE001038,ST017,3,2026-06-14 11:32:00,2026-06-14 12:34:00,4.906,completed
SE001039,ST017,5,2026-06-14 11:39:00,2026-06-14 13:12:00,7.681,completed
SE001040,ST010,4,2026-06-14 12:24:00,2026-06-14 13:55:00,9.658,completed
SE001041,ST006,1,2026-06-14 12:40:00,2026-06-14 15:04:00,15.957,completed
SE001042,ST011,2,2026-06-14 12:55:00,2026-06-14 14:25:00,7.249,completed
SE001043,ST006,2,2026-06-14 12:56:00,2026-06-14 13:58:00,5.746,completed
SE001044,ST011,1,2026-06-14 13:09:00,2026-06-14 13:46:00,3.054,completed
SE001045,ST011,4,2026-06-14 13:58:00,2026-06-14 16:28:00,5.222,completed
SE001046,ST007,3,2026-06-14 14:03:00,2026-06-14 16:30:00,4.657,completed
SE001047,ST009,1,2026-06-14 14:11:00,2026-06-14 17:17:00,24.474,completed
SE001048,ST017,5,2026-06-14 14:24:00,2026-06-14 16:53:00,20.825,completed
SE001049,ST007,2,2026-06-14 14:32:00,2026-06-14 16:07:00,2.848,completed
SE001050,ST018,1,2026-06-14 15:14:00,2026-06-14 19:51:00,29.866,completed
SE001051,ST004,3,2026-06-14 15:21:00,2026-06-14 16:56:00,11.471,completed
SE001052,ST011,1,2026-06-14 16:21:00,2026-06-14 17:53:00,5.169,completed
SE001053,ST016,2,2026-06-14 16:29:00,2026-06-14 22:50:00,36.953,completed
SE001054,ST011,4,2026-06-14 16:30:00,2026-06-14 16:34:00,0.000,failed
SE001055,ST006,1,2026-06-14 17:06:00,2026-06-14 17:59:00,3.578,completed
SE001056,ST007,4,2026-06-14 17:15:00,2026-06-14 17:50:00,3.029,completed
SE001057,ST011,2,2026-06-14 17:51:00,2026-06-14 20:20:00,5.520,completed
SE001058,ST017,6,2026-06-14 17:52:00,2026-06-14 19:12:00,21.846,completed
SE001059,ST016,4,2026-06-14 18:16:00,2026-06-14 22:34:00,6.290,completed
SE001060,ST004,2,2026-06-14 18:33:00,2026-06-15 00:24:00,59.581,completed
SE001061,ST004,3,2026-06-14 18:39:00,2026-06-14 23:56:00,14.250,completed
SE001062,ST010,3,2026-06-14 18:40:00,2026-06-14 20:10:00,11.695,completed
SE001063,ST019,2,2026-06-14 18:46:00,2026-06-14 23:31:00,7.112,completed
SE001064,ST016,5,2026-06-14 18:53:00,2026-06-15 03:24:00,27.777,completed
SE001065,ST005,1,2026-06-14 19:44:00,2026-06-15 02:38:00,37.792,completed
SE001066,ST010,6,2026-06-14 19:51:00,2026-06-14 21:08:00,15.728,completed
SE001067,ST014,2,2026-06-14 20:53:00,2026-06-14 23:38:00,33.054,completed
SE001068,ST016,3,2026-06-14 20:56:00,2026-06-15 04:09:00,30.615,completed
SE001069,ST007,3,2026-06-14 21:09:00,2026-06-14 22:29:00,9.295,completed
SE001070,ST011,2,2026-06-14 21:58:00,2026-06-14 22:37:00,1.842,completed
SE001071,ST005,3,2026-06-14 22:56:00,2026-06-15 02:41:00,12.983,completed
SE001072,ST013,5,2026-06-15 00:17:00,2026-06-15 04:56:00,11.043,completed
SE001073,ST005,4,2026-06-15 01:14:00,2026-06-15 05:32:00,8.407,completed
SE001074,ST018,2,2026-06-15 01:20:00,2026-06-15 04:42:00,36.163,completed
SE001075,ST012,2,2026-06-15 01:45:00,2026-06-15 06:21:00,10.746,completed
SE001076,ST005,2,2026-06-15 01:54:00,2026-06-15 11:35:00,11.611,completed
SE001077,ST003,4,2026-06-15 02:33:00,2026-06-15 04:55:00,14.185,completed
SE001078,ST002,5,2026-06-15 04:29:00,2026-06-15 12:16:00,53.943,completed
SE001079,ST010,4,2026-06-15 05:48:00,2026-06-15 07:29:00,18.301,completed
SE001080,ST002,1,2026-06-15 05:57:00,2026-06-15 08:22:00,15.593,completed
SE001081,ST007,2,2026-06-15 06:26:00,2026-06-15 08:21:00,12.895,completed
SE001082,ST016,4,2026-06-15 06:48:00,2026-06-15 12:24:00,19.252,completed
SE001083,ST015,4,2026-06-15 06:52:00,2026-06-15 08:59:00,5.773,completed
SE001084,ST012,5,2026-06-15 07:10:00,2026-06-15 09:08:00,16.144,completed
SE001085,ST012,2,2026-06-15 07:17:00,2026-06-15 13:04:00,14.647,completed
SE001086,ST014,1,2026-06-15 07:26:00,2026-06-15 13:48:00,102.397,completed
SE001087,ST016,2,2026-06-15 07:45:00,2026-06-15 12:54:00,38.505,completed
SE001088,ST013,5,2026-06-15 07:48:00,2026-06-15 09:43:00,5.671,completed
SE001089,ST005,3,2026-06-15 07:55:00,2026-06-15 09:40:00,10.846,completed
SE001090,ST002,3,2026-06-15 07:57:00,2026-06-15 15:26:00,22.420,completed
SE001091,ST015,2,2026-06-15 08:13:00,2026-06-15 12:44:00,23.334,completed
SE001092,ST014,4,2026-06-15 08:15:00,2026-06-15 10:38:00,14.273,completed
SE001093,ST013,6,2026-06-15 08:26:00,2026-06-15 14:39:00,10.996,completed
SE001094,ST016,1,2026-06-15 08:28:00,2026-06-15 11:08:00,11.462,completed
SE001095,ST013,2,2026-06-15 08:38:00,2026-06-15 13:37:00,30.477,completed
SE001096,ST003,1,2026-06-15 09:37:00,2026-06-15 10:08:00,3.841,completed
SE001097,ST002,1,2026-06-15 09:43:00,2026-06-15 11:48:00,4.476,completed
SE001098,ST018,2,2026-06-15 09:52:00,2026-06-15 16:11:00,83.370,completed
SE001099,ST005,3,2026-06-15 09:58:00,2026-06-15 19:41:00,24.333,completed
SE001100,ST003,2,2026-06-15 10:00:00,2026-06-15 11:59:00,12.784,completed
SE001101,ST017,5,2026-06-15 10:03:00,2026-06-15 11:18:00,7.182,completed
SE001102,ST007,4,2026-06-15 10:04:00,2026-06-15 11:47:00,7.683,completed
SE001103,ST003,3,2026-06-15 10:15:00,2026-06-15 10:47:00,0.491,completed
SE001104,ST002,6,2026-06-15 10:22:00,2026-06-15 16:18:00,31.154,completed
SE001105,ST015,3,2026-06-15 10:29:00,2026-06-15 11:35:00,6.990,completed
SE001106,ST012,5,2026-06-15 10:36:00,2026-06-15 16:39:00,26.979,completed
SE001107,ST002,4,2026-06-15 10:55:00,2026-06-15 15:16:00,31.276,completed
SE001108,ST007,2,2026-06-15 11:06:00,2026-06-15 13:02:00,14.696,completed
SE001109,ST003,1,2026-06-15 11:15:00,2026-06-15 11:55:00,1.499,completed
SE001110,ST009,2,2026-06-15 11:23:00,2026-06-15 17:06:00,21.171,completed
SE001111,ST011,4,2026-06-15 12:02:00,2026-06-15 13:27:00,1.107,completed
SE001112,ST002,1,2026-06-15 12:12:00,2026-06-15 16:36:00,21.607,completed
SE001113,ST007,1,2026-06-15 12:14:00,2026-06-15 12:58:00,4.909,completed
SE001114,ST015,1,2026-06-15 12:16:00,2026-06-15 18:42:00,48.886,completed
SE001115,ST017,1,2026-06-15 12:36:00,2026-06-15 13:59:00,17.663,completed
SE001116,ST019,1,2026-06-15 12:37:00,2026-06-15 18:25:00,31.254,completed
SE001117,ST016,6,2026-06-15 13:11:00,2026-06-15 21:03:00,7.044,completed
SE001118,ST002,5,2026-06-15 13:19:00,2026-06-15 17:49:00,24.078,completed
SE001119,ST005,4,2026-06-15 13:23:00,2026-06-15 19:49:00,45.273,completed
SE001120,ST014,3,2026-06-15 13:26:00,2026-06-15 17:50:00,16.681,completed
SE001121,ST016,4,2026-06-15 13:28:00,2026-06-15 21:41:00,58.760,completed
SE001122,ST017,5,2026-06-15 13:47:00,2026-06-15 15:23:00,9.094,completed
SE001123,ST008,2,2026-06-15 14:24:00,2026-06-15 18:31:00,11.215,completed
SE001124,ST013,3,2026-06-15 14:37:00,2026-06-15 21:04:00,8.659,completed
SE001125,ST011,5,2026-06-15 14:43:00,2026-06-15 15:47:00,1.096,completed
SE001126,ST012,1,2026-06-15 14:46:00,2026-06-15 15:32:00,11.802,completed
SE001127,ST011,3,2026-06-15 15:02:00,2026-06-15 16:28:00,7.907,completed
SE001128,ST007,2,2026-06-15 15:26:00,2026-06-15 16:45:00,6.409,completed
SE001129,ST017,5,2026-06-15 15:38:00,2026-06-15 16:01:00,6.145,completed
SE001130,ST003,1,2026-06-15 16:06:00,2026-06-15 18:08:00,15.248,completed
SE001131,ST002,2,2026-06-15 16:15:00,2026-06-15 21:13:00,18.000,completed
SE001132,ST013,4,2026-06-15 16:26:00,2026-06-15 18:49:00,15.176,completed
SE001133,ST007,4,2026-06-15 16:36:00,2026-06-15 17:20:00,4.198,completed
SE001134,ST014,2,2026-06-15 16:41:00,2026-06-15 16:47:00,0.000,failed
SE001135,ST005,1,2026-06-15 16:47:00,2026-06-15 16:53:00,0.000,failed
SE001136,ST017,5,2026-06-15 16:48:00,2026-06-15 17:15:00,4.951,completed
SE001137,ST009,2,2026-06-15 17:16:00,2026-06-15 21:17:00,29.400,completed
SE001138,ST013,2,2026-06-15 17:54:00,2026-06-16 01:01:00,17.895,completed
SE001139,ST019,3,2026-06-15 17:54:00,2026-06-16 03:43:00,52.613,completed
SE001140,ST006,1,2026-06-15 18:04:00,2026-06-15 20:24:00,26.662,completed
SE001141,ST016,2,2026-06-15 18:21:00,2026-06-15 21:31:00,16.526,completed
SE001142,ST017,4,2026-06-15 18:29:00,2026-06-15 19:21:00,2.402,completed
SE001143,ST012,5,2026-06-15 18:42:00,2026-06-16 00:19:00,31.136,completed
SE001144,ST017,2,2026-06-15 18:44:00,2026-06-15 19:41:00,3.825,completed
SE001145,ST004,3,2026-06-15 19:12:00,2026-06-16 02:53:00,92.896,completed
SE001146,ST019,1,2026-06-15 19:17:00,2026-06-15 23:33:00,13.589,completed
SE001147,ST005,2,2026-06-15 19:33:00,2026-06-15 19:40:00,0.000,failed
SE001148,ST017,3,2026-06-15 19:36:00,2026-06-15 20:32:00,9.362,completed
SE001149,ST009,1,2026-06-15 19:39:00,2026-06-15 21:43:00,6.619,completed
SE001150,ST002,3,2026-06-15 19:42:00,2026-06-16 02:53:00,57.533,completed
SE001151,ST013,5,2026-06-15 19:46:00,2026-06-15 21:05:00,3.736,completed
SE001152,ST011,4,2026-06-15 20:03:00,2026-06-15 21:00:00,3.749,completed
SE001153,ST013,1,2026-06-15 20:07:00,2026-06-15 20:57:00,2.989,completed
SE001154,ST003,2,2026-06-15 20:28:00,2026-06-15 21:38:00,5.264,completed
SE001155,ST014,3,2026-06-15 20:28:00,2026-06-16 02:15:00,66.953,completed
SE001156,ST010,6,2026-06-15 20:30:00,2026-06-15 21:54:00,16.425,completed
SE001157,ST002,1,2026-06-15 20:52:00,2026-06-15 21:56:00,5.578,completed
SE001158,ST016,1,2026-06-15 21:13:00,2026-06-16 05:59:00,20.472,completed
SE001159,ST011,5,2026-06-15 21:18:00,2026-06-15 23:37:00,8.679,completed
SE001160,ST005,1,2026-06-15 21:50:00,2026-06-16 00:33:00,3.230,completed
SE001161,ST003,3,2026-06-15 21:56:00,2026-06-15 22:41:00,5.681,completed
SE001162,ST015,3,2026-06-15 21:56:00,2026-06-16 01:43:00,8.440,completed
SE001163,ST005,4,2026-06-15 22:19:00,2026-06-15 22:24:00,0.000,failed
SE001164,ST004,2,2026-06-15 22:47:00,2026-06-16 03:47:00,13.136,completed
SE001165,ST017,6,2026-06-15 22:47:00,2026-06-16 00:42:00,17.329,completed
SE001166,ST016,6,2026-06-15 22:53:00,2026-06-16 05:26:00,27.175,completed
SE001167,ST005,2,2026-06-15 23:06:00,2026-06-15 23:11:00,0.000,failed
SE001168,ST005,4,2026-06-15 23:07:00,2026-06-16 02:27:00,17.793,completed
SE001169,ST005,6,2026-06-15 23:19:00,2026-06-16 01:21:00,15.382,completed
SE001170,ST016,4,2026-06-15 23:21:00,2026-06-16 06:32:00,12.501,completed
SE001171,ST015,4,2026-06-15 23:46:00,2026-06-16 06:39:00,44.131,completed
SE001172,ST007,2,2026-06-16 00:30:00,2026-06-16 02:50:00,11.623,completed
SE001173,ST008,1,2026-06-16 00:31:00,2026-06-16 05:08:00,7.204,completed
SE001174,ST015,1,2026-06-16 01:23:00,2026-06-16 04:13:00,11.845,completed
SE001175,ST013,2,2026-06-16 01:44:00,2026-06-16 09:18:00,38.298,completed
SE001176,ST005,5,2026-06-16 02:03:00,2026-06-16 02:11:00,0.000,failed
SE001177,ST005,1,2026-06-16 02:24:00,2026-06-16 10:27:00,19.772,completed
SE001178,ST011,4,2026-06-16 04:15:00,2026-06-16 05:25:00,1.908,completed
SE001179,ST013,4,2026-06-16 04:26:00,2026-06-16 10:22:00,47.753,completed
SE001180,ST007,2,2026-06-16 06:00:00,2026-06-16 07:12:00,7.696,completed
SE001181,ST005,6,2026-06-16 07:29:00,2026-06-16 11:33:00,13.132,completed
SE001182,ST011,4,2026-06-16 07:38:00,2026-06-16 09:00:00,5.203,completed
SE001183,ST013,5,2026-06-16 07:39:00,2026-06-16 11:45:00,11.472,completed
SE001184,ST005,2,2026-06-16 07:45:00,2026-06-16 10:00:00,3.501,completed
SE001185,ST008,3,2026-06-16 07:48:00,2026-06-16 09:51:00,1.930,completed
SE001186,ST015,1,2026-06-16 07:49:00,2026-06-16 12:35:00,15.353,completed
SE001187,ST009,1,2026-06-16 07:50:00,2026-06-16 11:24:00,25.382,completed
SE001188,ST014,1,2026-06-16 08:07:00,2026-06-16 14:13:00,37.627,completed
SE001189,ST019,2,2026-06-16 08:12:00,2026-06-16 15:27:00,27.713,completed
SE001190,ST016,1,2026-06-16 08:40:00,2026-06-16 15:43:00,37.829,completed
SE001191,ST013,6,2026-06-16 09:17:00,2026-06-16 12:42:00,18.872,completed
SE001192,ST011,3,2026-06-16 09:40:00,2026-06-16 11:25:00,1.641,completed
SE001193,ST015,3,2026-06-16 09:51:00,2026-06-16 15:24:00,20.846,completed
SE001194,ST007,3,2026-06-16 10:03:00,2026-06-16 10:32:00,1.305,completed
SE001195,ST011,2,2026-06-16 10:04:00,2026-06-16 10:58:00,1.602,completed
SE001196,ST018,2,2026-06-16 10:19:00,2026-06-16 15:16:00,42.757,completed
SE001197,ST008,3,2026-06-16 10:24:00,2026-06-16 10:30:00,0.000,failed
SE001198,ST002,6,2026-06-16 10:28:00,2026-06-16 14:30:00,27.336,completed
SE001199,ST007,1,2026-06-16 11:17:00,2026-06-16 11:56:00,3.633,completed
SE001200,ST014,4,2026-06-16 11:20:00,2026-06-16 16:19:00,41.918,completed
SE001201,ST005,3,2026-06-16 11:59:00,2026-06-16 16:37:00,23.716,completed
SE001202,ST003,2,2026-06-16 12:02:00,2026-06-16 12:45:00,4.730,completed
SE001203,ST004,1,2026-06-16 12:19:00,2026-06-16 17:42:00,48.286,completed
SE001204,ST013,4,2026-06-16 12:23:00,2026-06-16 18:17:00,36.152,completed
SE001205,ST016,2,2026-06-16 12:26:00,2026-06-16 18:23:00,27.667,completed
SE001206,ST013,2,2026-06-16 12:45:00,2026-06-16 16:15:00,10.862,completed
SE001207,ST013,6,2026-06-16 12:53:00,2026-06-16 20:37:00,61.213,completed
SE001208,ST004,3,2026-06-16 12:57:00,2026-06-16 17:55:00,29.127,completed
SE001209,ST007,3,2026-06-16 13:12:00,2026-06-16 15:01:00,12.805,completed
SE001210,ST008,2,2026-06-16 14:54:00,2026-06-16 20:31:00,9.052,completed
SE001211,ST011,2,2026-06-16 15:26:00,2026-06-16 16:39:00,3.249,completed
SE001212,ST018,1,2026-06-16 15:45:00,2026-06-16 20:46:00,19.419,completed
SE001213,ST016,4,2026-06-16 15:49:00,2026-06-16 19:49:00,29.651,completed
SE001214,ST018,2,2026-06-16 16:48:00,2026-06-16 18:38:00,24.445,completed
SE001215,ST003,4,2026-06-16 18:28:00,2026-06-16 20:14:00,9.413,completed
SE001216,ST005,4,2026-06-16 18:37:00,2026-06-16 20:57:00,11.778,completed
SE001217,ST016,3,2026-06-16 18:40:00,2026-06-16 21:31:00,22.104,completed
SE001218,ST006,1,2026-06-16 18:46:00,2026-06-16 19:25:00,9.566,completed
SE001219,ST005,6,2026-06-16 19:01:00,2026-06-16 19:08:00,0.000,failed
SE001220,ST019,1,2026-06-16 19:14:00,2026-06-16 21:48:00,12.162,completed
SE001221,ST005,6,2026-06-16 19:33:00,2026-06-16 23:51:00,10.325,completed
SE001222,ST005,1,2026-06-16 19:36:00,2026-06-17 04:33:00,26.196,completed
SE001223,ST009,1,2026-06-16 19:40:00,2026-06-16 21:19:00,7.346,completed
SE001224,ST010,4,2026-06-16 19:45:00,2026-06-16 20:24:00,9.778,completed
SE001225,ST020,1,2026-06-16 20:14:00,2026-06-17 03:50:00,59.883,completed
SE001226,ST005,3,2026-06-16 20:20:00,2026-06-17 00:35:00,34.585,completed
SE001227,ST004,2,2026-06-16 20:32:00,2026-06-16 22:37:00,31.079,completed
SE001228,ST015,3,2026-06-16 20:53:00,2026-06-17 04:27:00,40.644,completed
SE001229,ST004,1,2026-06-16 21:08:00,2026-06-16 21:14:00,0.000,failed
SE001230,ST005,4,2026-06-16 21:38:00,2026-06-17 05:49:00,45.208,completed
SE001231,ST016,5,2026-06-16 21:54:00,2026-06-16 21:58:00,0.000,failed
SE001232,ST016,1,2026-06-16 22:33:00,2026-06-17 03:33:00,28.746,completed
SE001233,ST007,2,2026-06-16 22:38:00,2026-06-16 23:31:00,4.503,completed
SE001234,ST013,4,2026-06-16 22:54:00,2026-06-17 06:41:00,48.991,completed
SE001235,ST002,3,2026-06-17 01:25:00,2026-06-17 06:43:00,5.376,completed
SE001236,ST012,2,2026-06-17 01:47:00,2026-06-17 06:14:00,22.026,completed
SE001237,ST017,1,2026-06-17 01:50:00,2026-06-17 02:38:00,11.647,completed
SE001238,ST006,1,2026-06-17 01:54:00,2026-06-17 03:21:00,16.787,completed
SE001239,ST002,1,2026-06-17 02:04:00,2026-06-17 07:15:00,32.541,completed
SE001240,ST010,1,2026-06-17 02:21:00,2026-06-17 03:59:00,22.098,completed
SE001241,ST014,2,2026-06-17 02:46:00,2026-06-17 05:31:00,19.762,completed
SE001242,ST013,5,2026-06-17 04:25:00,2026-06-17 11:54:00,21.619,completed
SE001243,ST008,2,2026-06-17 04:52:00,2026-06-17 08:34:00,24.555,completed
SE001244,ST016,4,2026-06-17 05:10:00,2026-06-17 15:03:00,52.922,completed
SE001245,ST013,6,2026-06-17 05:17:00,2026-06-17 07:53:00,14.551,completed
SE001246,ST015,2,2026-06-17 05:25:00,2026-06-17 06:18:00,1.020,completed
SE001247,ST002,4,2026-06-17 07:07:00,2026-06-17 12:54:00,25.669,completed
SE001248,ST016,2,2026-06-17 07:07:00,2026-06-17 13:42:00,49.555,completed
SE001249,ST014,2,2026-06-17 07:56:00,2026-06-17 11:49:00,57.398,completed
SE001250,ST005,3,2026-06-17 07:57:00,2026-06-17 17:55:00,11.906,completed
SE001251,ST004,2,2026-06-17 08:08:00,2026-06-17 11:22:00,27.438,completed
SE001252,ST018,1,2026-06-17 08:10:00,2026-06-17 10:13:00,7.516,completed
SE001253,ST008,1,2026-06-17 08:11:00,2026-06-17 15:04:00,53.741,completed
SE001254,ST015,2,2026-06-17 08:25:00,2026-06-17 15:24:00,19.923,completed
SE001255,ST008,3,2026-06-17 08:55:00,2026-06-17 10:59:00,2.373,completed
SE001256,ST011,2,2026-06-17 09:17:00,2026-06-17 10:36:00,4.236,completed
SE001257,ST011,4,2026-06-17 09:19:00,2026-06-17 09:50:00,2.349,completed
SE001258,ST011,5,2026-06-17 09:29:00,2026-06-17 11:09:00,7.703,completed
SE001259,ST012,4,2026-06-17 09:34:00,2026-06-17 13:59:00,40.997,completed
SE001260,ST013,1,2026-06-17 10:04:00,2026-06-17 13:13:00,23.761,completed
SE001261,ST013,2,2026-06-17 10:14:00,2026-06-17 14:29:00,30.736,completed
SE001262,ST017,6,2026-06-17 10:18:00,2026-06-17 10:45:00,2.195,completed
SE001263,ST008,5,2026-06-17 10:24:00,2026-06-17 17:52:00,40.348,completed
SE001264,ST007,1,2026-06-17 10:39:00,2026-06-17 13:01:00,10.276,completed
SE001265,ST002,2,2026-06-17 11:34:00,2026-06-17 11:38:00,0.000,failed
SE001266,ST012,1,2026-06-17 11:35:00,2026-06-17 12:30:00,7.076,completed
SE001267,ST014,5,2026-06-17 11:44:00,2026-06-17 18:01:00,63.831,completed
SE001268,ST008,2,2026-06-17 12:17:00,2026-06-17 17:16:00,17.548,completed
SE001269,ST010,2,2026-06-17 12:38:00,2026-06-17 14:43:00,17.205,completed
SE001270,ST010,4,2026-06-17 12:41:00,2026-06-17 14:39:00,10.863,completed
SE001271,ST013,6,2026-06-17 12:51:00,2026-06-17 15:42:00,8.986,completed
SE001272,ST010,1,2026-06-17 12:58:00,2026-06-17 13:42:00,10.496,completed
SE001273,ST012,5,2026-06-17 13:12:00,2026-06-17 19:10:00,79.442,completed
SE001274,ST013,3,2026-06-17 13:21:00,2026-06-17 17:11:00,6.324,completed
SE001275,ST011,5,2026-06-17 13:25:00,2026-06-17 15:54:00,3.980,completed
SE001276,ST002,2,2026-06-17 13:29:00,2026-06-17 17:38:00,19.376,completed
SE001277,ST017,2,2026-06-17 13:56:00,2026-06-17 14:17:00,5.180,completed
SE001278,ST011,4,2026-06-17 14:24:00,2026-06-17 15:28:00,1.910,completed
SE001279,ST013,1,2026-06-17 14:32:00,2026-06-17 20:33:00,26.436,completed
SE001280,ST017,1,2026-06-17 14:50:00,2026-06-17 15:58:00,11.189,completed
SE001281,ST003,1,2026-06-17 15:39:00,2026-06-17 18:09:00,15.738,completed
SE001282,ST015,2,2026-06-17 15:44:00,2026-06-17 19:40:00,28.114,completed
SE001283,ST011,4,2026-06-17 16:03:00,2026-06-17 16:54:00,1.127,completed
SE001284,ST015,3,2026-06-17 16:06:00,2026-06-17 19:19:00,21.784,completed
SE001285,ST011,5,2026-06-17 16:16:00,2026-06-17 17:02:00,4.077,completed
SE001286,ST002,4,2026-06-17 16:21:00,2026-06-17 19:43:00,8.967,completed
SE001287,ST002,5,2026-06-17 16:26:00,2026-06-17 19:18:00,6.416,completed
SE001288,ST017,2,2026-06-17 16:34:00,2026-06-17 17:06:00,8.154,completed
SE001289,ST015,1,2026-06-17 16:46:00,2026-06-17 21:54:00,10.825,completed
SE001290,ST005,1,2026-06-17 17:19:00,2026-06-17 23:11:00,19.857,completed
SE001291,ST011,2,2026-06-17 17:26:00,2026-06-17 19:43:00,4.756,completed
SE001292,ST013,6,2026-06-17 17:41:00,2026-06-17 18:39:00,5.640,completed
SE001293,ST005,2,2026-06-17 17:44:00,2026-06-17 19:32:00,11.267,completed
SE001294,ST010,2,2026-06-17 18:10:00,2026-06-17 19:20:00,11.180,completed
SE001295,ST005,3,2026-06-17 18:12:00,2026-06-17 22:00:00,25.663,completed
SE001296,ST011,3,2026-06-17 18:20:00,2026-06-17 19:10:00,1.496,completed
SE001297,ST019,2,2026-06-17 18:21:00,2026-06-17 21:11:00,7.373,completed
SE001298,ST016,1,2026-06-17 18:49:00,2026-06-18 02:45:00,19.244,completed
SE001299,ST004,2,2026-06-17 18:51:00,2026-06-17 22:55:00,35.631,completed
SE001300,ST016,4,2026-06-17 19:17:00,2026-06-18 00:25:00,34.427,completed
SE001301,ST008,3,2026-06-17 19:22:00,2026-06-17 23:02:00,17.830,completed
SE001302,ST008,2,2026-06-17 19:27:00,2026-06-18 00:17:00,34.495,completed
SE001303,ST016,2,2026-06-17 20:45:00,2026-06-18 04:50:00,29.478,completed
SE001304,ST014,2,2026-06-17 21:20:00,2026-06-18 05:16:00,104.536,completed
SE001305,ST020,1,2026-06-17 21:40:00,2026-06-18 03:40:00,34.763,completed
SE001306,ST013,2,2026-06-17 21:48:00,2026-06-18 04:56:00,17.529,completed
SE001307,ST016,3,2026-06-17 22:24:00,2026-06-18 04:38:00,44.476,completed
SE001308,ST005,3,2026-06-17 22:41:00,2026-06-17 22:48:00,0.000,failed
SE001309,ST011,4,2026-06-17 22:46:00,2026-06-17 23:51:00,2.731,completed
SE001310,ST020,2,2026-06-17 23:00:00,2026-06-18 07:24:00,85.976,completed
SE001311,ST005,2,2026-06-17 23:02:00,2026-06-18 01:23:00,4.710,completed
SE001312,ST005,1,2026-06-17 23:27:00,2026-06-18 06:15:00,17.842,completed
SE001313,ST013,3,2026-06-18 00:07:00,2026-06-18 06:11:00,25.381,completed
SE001314,ST017,5,2026-06-18 01:18:00,2026-06-18 02:40:00,13.667,completed
SE001315,ST017,2,2026-06-18 01:48:00,2026-06-18 02:12:00,6.262,completed
SE001316,ST008,1,2026-06-18 02:05:00,2026-06-18 03:04:00,4.000,completed
SE001317,ST005,6,2026-06-18 03:06:00,2026-06-18 12:21:00,59.915,completed
SE001318,ST012,3,2026-06-18 03:17:00,2026-06-18 09:51:00,53.532,completed
SE001319,ST013,5,2026-06-18 03:57:00,2026-06-18 11:17:00,26.176,completed
SE001320,ST012,1,2026-06-18 04:07:00,2026-06-18 11:29:00,96.369,completed
SE001321,ST011,2,2026-06-18 04:15:00,2026-06-18 05:13:00,0.878,completed
SE001322,ST003,3,2026-06-18 06:31:00,2026-06-18 07:28:00,4.909,completed
SE001323,ST009,1,2026-06-18 07:06:00,2026-06-18 12:57:00,46.367,completed
SE001324,ST015,3,2026-06-18 07:20:00,2026-06-18 14:07:00,29.091,completed
SE001325,ST008,3,2026-06-18 07:29:00,2026-06-18 13:23:00,47.722,completed
SE001326,ST012,4,2026-06-18 08:05:00,2026-06-18 12:50:00,32.222,completed
SE001327,ST008,5,2026-06-18 08:20:00,2026-06-18 15:04:00,50.986,completed
SE001328,ST017,5,2026-06-18 08:37:00,2026-06-18 10:53:00,32.433,completed
SE001329,ST015,1,2026-06-18 08:40:00,2026-06-18 15:49:00,32.108,completed
SE001330,ST015,2,2026-06-18 08:58:00,2026-06-18 15:23:00,32.538,completed
SE001331,ST003,1,2026-06-18 09:01:00,2026-06-18 10:05:00,5.085,completed
SE001332,ST015,4,2026-06-18 09:09:00,2026-06-18 10:17:00,1.193,completed
SE001333,ST013,6,2026-06-18 09:23:00,2026-06-18 12:34:00,12.833,completed
SE001334,ST005,2,2026-06-18 09:25:00,2026-06-18 12:04:00,11.603,completed
SE001335,ST003,3,2026-06-18 09:35:00,2026-06-18 10:30:00,1.608,completed
SE001336,ST013,3,2026-06-18 09:39:00,2026-06-18 11:22:00,3.682,completed
SE001337,ST017,1,2026-06-18 10:01:00,2026-06-18 12:20:00,37.348,completed
SE001338,ST015,4,2026-06-18 10:36:00,2026-06-18 14:44:00,24.697,completed
SE001339,ST010,1,2026-06-18 10:41:00,2026-06-18 11:28:00,2.030,completed
SE001340,ST013,1,2026-06-18 10:54:00,2026-06-18 18:11:00,28.912,completed
SE001341,ST006,2,2026-06-18 11:08:00,2026-06-18 12:39:00,11.465,completed
SE001342,ST013,4,2026-06-18 11:27:00,2026-06-18 12:33:00,2.596,completed
SE001343,ST011,2,2026-06-18 12:33:00,2026-06-18 14:17:00,3.941,completed
SE001344,ST007,3,2026-06-18 13:01:00,2026-06-18 13:57:00,3.793,completed
SE001345,ST011,4,2026-06-18 13:02:00,2026-06-18 14:12:00,6.188,completed
SE001346,ST007,2,2026-06-18 13:20:00,2026-06-18 13:45:00,2.915,completed
SE001347,ST007,4,2026-06-18 13:27:00,2026-06-18 14:02:00,0.632,completed
SE001348,ST018,1,2026-06-18 14:12:00,2026-06-18 20:33:00,97.907,completed
SE001349,ST017,2,2026-06-18 14:16:00,2026-06-18 16:13:00,6.388,completed
SE001350,ST010,4,2026-06-18 14:23:00,2026-06-18 15:17:00,6.093,completed
SE001351,ST019,1,2026-06-18 14:29:00,2026-06-19 00:23:00,12.474,completed
SE001352,ST011,3,2026-06-18 14:46:00,2026-06-18 15:24:00,1.346,completed
SE001353,ST018,2,2026-06-18 15:05:00,2026-06-18 20:10:00,70.767,completed
SE001354,ST017,1,2026-06-18 15:11:00,2026-06-18 15:32:00,1.496,completed
SE001355,ST013,4,2026-06-18 15:31:00,2026-06-18 18:47:00,15.198,completed
SE001356,ST010,3,2026-06-18 15:38:00,2026-06-18 16:30:00,3.947,completed
SE001357,ST007,3,2026-06-18 15:50:00,2026-06-18 16:15:00,3.246,completed
SE001358,ST003,3,2026-06-18 15:56:00,2026-06-18 16:43:00,6.377,completed
SE001359,ST013,6,2026-06-18 16:06:00,2026-06-18 19:51:00,12.128,completed
SE001360,ST010,1,2026-06-18 16:15:00,2026-06-18 17:11:00,8.187,completed
SE001361,ST011,1,2026-06-18 16:19:00,2026-06-18 17:23:00,1.063,completed
SE001362,ST006,1,2026-06-18 16:41:00,2026-06-18 18:38:00,11.435,completed
SE001363,ST017,4,2026-06-18 16:41:00,2026-06-18 17:12:00,4.593,completed
SE001364,ST011,3,2026-06-18 16:45:00,2026-06-18 17:48:00,3.872,completed
SE001365,ST010,4,2026-06-18 16:52:00,2026-06-18 18:11:00,21.364,completed
SE001366,ST013,2,2026-06-18 16:54:00,2026-06-18 23:10:00,17.859,completed
SE001367,ST007,4,2026-06-18 17:11:00,2026-06-18 18:29:00,10.222,completed
SE001368,ST005,2,2026-06-18 17:21:00,2026-06-19 01:09:00,23.272,completed
SE001369,ST005,3,2026-06-18 17:24:00,2026-06-18 18:57:00,9.450,completed
SE001370,ST007,2,2026-06-18 17:25:00,2026-06-18 19:43:00,10.781,completed
SE001371,ST005,1,2026-06-18 17:58:00,2026-06-18 23:13:00,13.240,completed
SE001372,ST017,2,2026-06-18 18:01:00,2026-06-18 18:45:00,10.569,completed
SE001373,ST003,1,2026-06-18 18:32:00,2026-06-18 20:26:00,3.567,completed
SE001374,ST011,2,2026-06-18 18:35:00,2026-06-18 19:41:00,6.098,completed
SE001375,ST003,2,2026-06-18 18:47:00,2026-06-18 20:48:00,9.458,completed
SE001376,ST003,3,2026-06-18 19:42:00,2026-06-18 21:29:00,4.984,completed
SE001377,ST019,2,2026-06-18 19:52:00,2026-06-18 19:57:00,0.000,failed
SE001378,ST003,4,2026-06-18 19:57:00,2026-06-18 20:58:00,2.885,completed
SE001379,ST009,1,2026-06-18 20:19:00,2026-06-18 23:05:00,15.572,completed
SE001380,ST005,6,2026-06-18 20:27:00,2026-06-19 03:04:00,24.950,completed
SE001381,ST019,3,2026-06-18 21:02:00,2026-06-19 05:56:00,27.154,completed
SE001382,ST019,2,2026-06-18 23:51:00,2026-06-19 09:22:00,32.010,completed
SE001383,ST013,3,2026-06-19 01:00:00,2026-06-19 04:00:00,17.618,completed
SE001384,ST017,2,2026-06-19 01:08:00,2026-06-19 01:51:00,8.194,completed
SE001385,ST016,4,2026-06-19 01:33:00,2026-06-19 07:44:00,27.467,completed
SE001386,ST010,3,2026-06-19 02:00:00,2026-06-19 02:56:00,14.396,completed
SE001387,ST003,4,2026-06-19 02:10:00,2026-06-19 04:13:00,10.890,completed
SE001388,ST014,3,2026-06-19 02:12:00,2026-06-19 04:07:00,10.675,completed
SE001389,ST013,1,2026-06-19 02:54:00,2026-06-19 04:22:00,4.488,completed
SE001390,ST015,4,2026-06-19 05:54:00,2026-06-19 08:11:00,5.167,completed
SE001391,ST016,6,2026-06-19 07:12:00,2026-06-19 11:51:00,34.726,completed
SE001392,ST002,3,2026-06-19 07:17:00,2026-06-19 08:45:00,3.103,completed
SE001393,ST013,6,2026-06-19 07:17:00,2026-06-19 10:35:00,15.337,completed
SE001394,ST007,1,2026-06-19 07:21:00,2026-06-19 09:25:00,7.288,completed
SE001395,ST002,1,2026-06-19 07:23:00,2026-06-19 13:08:00,28.565,completed
SE001396,ST020,2,2026-06-19 07:29:00,2026-06-19 11:31:00,25.953,completed
SE001397,ST016,1,2026-06-19 07:44:00,2026-06-19 12:02:00,11.362,completed
SE001398,ST008,1,2026-06-19 07:48:00,2026-06-19 09:32:00,13.927,completed
SE001399,ST013,4,2026-06-19 07:50:00,2026-06-19 11:27:00,6.412,completed
SE001400,ST014,5,2026-06-19 07:50:00,2026-06-19 11:06:00,31.717,completed
SE001401,ST013,1,2026-06-19 07:51:00,2026-06-19 11:18:00,17.230,completed
SE001402,ST015,4,2026-06-19 08:41:00,2026-06-19 15:44:00,35.081,completed
SE001403,ST013,5,2026-06-19 08:44:00,2026-06-19 08:50:00,0.000,failed
SE001404,ST013,5,2026-06-19 08:53:00,2026-06-19 10:53:00,11.887,completed
SE001405,ST018,2,2026-06-19 08:53:00,2026-06-19 08:56:00,0.000,failed
SE001406,ST002,4,2026-06-19 08:55:00,2026-06-19 11:56:00,21.856,completed
SE001407,ST002,3,2026-06-19 09:00:00,2026-06-19 10:11:00,7.598,completed
SE001408,ST003,4,2026-06-19 09:12:00,2026-06-19 11:00:00,2.392,completed
SE001409,ST014,1,2026-06-19 09:12:00,2026-06-19 16:11:00,54.630,completed
SE001410,ST016,5,2026-06-19 09:12:00,2026-06-19 14:41:00,10.505,completed
SE001411,ST014,4,2026-06-19 09:18:00,2026-06-19 10:55:00,13.839,completed
SE001412,ST017,5,2026-06-19 09:25:00,2026-06-19 11:15:00,23.882,completed
SE001413,ST011,3,2026-06-19 09:40:00,2026-06-19 12:02:00,3.206,completed
SE001414,ST003,2,2026-06-19 09:47:00,2026-06-19 11:50:00,9.684,completed
SE001415,ST008,5,2026-06-19 09:47:00,2026-06-19 11:00:00,7.460,completed
SE001416,ST011,2,2026-06-19 09:52:00,2026-06-19 10:20:00,1.717,completed
SE001417,ST007,2,2026-06-19 10:11:00,2026-06-19 10:38:00,2.387,completed
SE001418,ST002,2,2026-06-19 10:22:00,2026-06-19 15:33:00,40.974,completed
SE001419,ST008,1,2026-06-19 10:28:00,2026-06-19 14:19:00,21.615,completed
SE001420,ST007,3,2026-06-19 10:46:00,2026-06-19 12:05:00,2.541,completed
SE001421,ST008,2,2026-06-19 10:48:00,2026-06-19 16:49:00,30.466,completed
SE001422,ST017,2,2026-06-19 11:00:00,2026-06-19 13:06:00,25.818,completed
SE001423,ST003,1,2026-06-19 11:20:00,2026-06-19 11:53:00,1.430,completed
SE001424,ST015,2,2026-06-19 11:33:00,2026-06-19 13:28:00,1.792,completed
SE001425,ST010,2,2026-06-19 11:42:00,2026-06-19 12:17:00,6.203,completed
SE001426,ST017,1,2026-06-19 11:42:00,2026-06-19 13:23:00,14.561,completed
SE001427,ST017,4,2026-06-19 12:16:00,2026-06-19 14:03:00,11.142,completed
SE001428,ST010,6,2026-06-19 12:50:00,2026-06-19 14:16:00,20.157,completed
SE001429,ST012,3,2026-06-19 12:58:00,2026-06-19 14:13:00,5.092,completed
SE001430,ST012,2,2026-06-19 13:12:00,2026-06-19 17:49:00,44.475,completed
SE001431,ST008,4,2026-06-19 13:41:00,2026-06-19 21:23:00,17.994,completed
SE001432,ST012,5,2026-06-19 13:51:00,2026-06-19 21:10:00,55.020,completed
SE001433,ST007,4,2026-06-19 13:52:00,2026-06-19 16:02:00,5.933,completed
SE001434,ST017,3,2026-06-19 14:03:00,2026-06-19 14:27:00,6.107,completed
SE001435,ST006,1,2026-06-19 14:07:00,2026-06-19 14:14:00,0.000,failed
SE001436,ST013,6,2026-06-19 14:11:00,2026-06-19 14:14:00,0.000,failed
SE001437,ST017,6,2026-06-19 14:12:00,2026-06-19 15:53:00,14.467,completed
SE001438,ST006,2,2026-06-19 14:14:00,2026-06-19 14:53:00,3.367,completed
SE001439,ST014,2,2026-06-19 14:42:00,2026-06-19 17:39:00,31.578,completed
SE001440,ST007,2,2026-06-19 15:04:00,2026-06-19 16:22:00,4.181,completed
SE001441,ST014,3,2026-06-19 15:08:00,2026-06-19 19:04:00,7.963,completed
SE001442,ST017,5,2026-06-19 15:11:00,2026-06-19 15:47:00,9.532,completed
SE001443,ST014,4,2026-06-19 15:25:00,2026-06-19 22:06:00,81.286,completed
SE001444,ST013,6,2026-06-19 15:44:00,2026-06-19 18:00:00,13.713,completed
SE001445,ST020,1,2026-06-19 15:57:00,2026-06-20 00:30:00,57.565,completed
SE001446,ST013,5,2026-06-19 16:05:00,2026-06-19 19:48:00,8.541,completed
SE001447,ST007,4,2026-06-19 16:16:00,2026-06-19 17:38:00,2.016,completed
SE001448,ST017,1,2026-06-19 16:21:00,2026-06-19 18:21:00,3.622,completed
SE001449,ST010,1,2026-06-19 16:41:00,2026-06-19 18:35:00,24.845,completed
SE001450,ST008,5,2026-06-19 16:57:00,2026-06-19 20:18:00,8.694,completed
SE001451,ST007,1,2026-06-19 17:08:00,2026-06-19 18:50:00,11.029,completed
SE001452,ST003,4,2026-06-19 17:09:00,2026-06-19 18:14:00,5.676,completed
SE001453,ST009,2,2026-06-19 17:09:00,2026-06-20 00:58:00,23.134,completed
SE001454,ST017,5,2026-06-19 17:09:00,2026-06-19 18:32:00,12.349,completed
SE001455,ST010,5,2026-06-19 17:19:00,2026-06-19 18:24:00,7.922,completed
SE001456,ST007,3,2026-06-19 17:24:00,2026-06-19 17:26:00,0.000,failed
SE001457,ST007,4,2026-06-19 17:40:00,2026-06-19 19:21:00,8.068,completed
SE001458,ST017,2,2026-06-19 17:59:00,2026-06-19 18:54:00,10.850,completed
SE001459,ST008,2,2026-06-19 18:03:00,2026-06-19 22:23:00,33.151,completed
SE001460,ST003,1,2026-06-19 18:08:00,2026-06-19 20:09:00,11.331,completed
SE001461,ST019,3,2026-06-19 19:12:00,2026-06-20 04:41:00,48.403,completed
SE001462,ST008,3,2026-06-19 19:23:00,2026-06-20 01:55:00,40.949,completed
SE001463,ST003,4,2026-06-19 19:27:00,2026-06-19 20:36:00,5.470,completed
SE001464,ST016,1,2026-06-19 20:07:00,2026-06-20 00:34:00,7.617,completed
SE001465,ST002,4,2026-06-19 20:24:00,2026-06-20 01:40:00,35.089,completed
SE001466,ST016,2,2026-06-19 20:36:00,2026-06-20 03:36:00,13.754,completed
SE001467,ST013,4,2026-06-19 20:43:00,2026-06-20 02:09:00,41.373,completed
SE001468,ST003,1,2026-06-19 20:44:00,2026-06-19 22:37:00,6.961,completed
SE001469,ST007,2,2026-06-19 21:02:00,2026-06-19 22:22:00,1.416,completed
SE001470,ST016,6,2026-06-19 21:12:00,2026-06-20 01:15:00,20.282,completed
SE001471,ST008,5,2026-06-19 21:14:00,2026-06-20 00:22:00,2.777,completed
SE001472,ST005,4,2026-06-19 21:21:00,2026-06-20 01:56:00,5.452,completed
SE001473,ST015,3,2026-06-19 21:38:00,2026-06-20 00:40:00,17.156,completed
SE001474,ST016,4,2026-06-19 21:47:00,2026-06-20 06:04:00,64.394,completed
SE001475,ST017,5,2026-06-19 22:37:00,2026-06-20 00:13:00,6.422,completed
SE001476,ST005,2,2026-06-19 22:44:00,2026-06-20 08:14:00,23.177,completed
SE001477,ST017,2,2026-06-19 22:52:00,2026-06-19 23:50:00,2.075,completed
SE001478,ST016,5,2026-06-19 23:39:00,2026-06-20 05:06:00,24.186,completed
SE001479,ST005,1,2026-06-20 02:16:00,2026-06-20 09:04:00,33.389,completed
SE001480,ST009,1,2026-06-20 03:36:00,2026-06-20 05:46:00,2.573,completed
SE001481,ST014,1,2026-06-20 05:37:00,2026-06-20 09:10:00,18.463,completed
SE001482,ST013,4,2026-06-20 07:06:00,2026-06-20 13:52:00,13.055,completed
SE001483,ST013,5,2026-06-20 08:46:00,2026-06-20 10:36:00,5.301,completed
SE001484,ST018,2,2026-06-20 08:55:00,2026-06-20 10:36:00,3.345,completed
SE001485,ST010,4,2026-06-20 09:03:00,2026-06-20 11:23:00,16.014,completed
SE001486,ST013,2,2026-06-20 09:09:00,2026-06-20 10:48:00,8.511,completed
SE001487,ST003,4,2026-06-20 09:14:00,2026-06-20 10:49:00,11.558,completed
SE001488,ST006,1,2026-06-20 09:18:00,2026-06-20 09:45:00,1.135,completed
SE001489,ST013,1,2026-06-20 10:11:00,2026-06-20 13:57:00,7.554,completed
SE001490,ST003,1,2026-06-20 10:24:00,2026-06-20 11:33:00,2.238,completed
SE001491,ST005,4,2026-06-20 10:30:00,2026-06-20 17:24:00,9.965,completed
SE001492,ST010,5,2026-06-20 10:37:00,2026-06-20 11:25:00,9.575,completed
SE001493,ST010,3,2026-06-20 10:51:00,2026-06-20 11:37:00,1.804,completed
SE001494,ST012,4,2026-06-20 11:04:00,2026-06-20 18:00:00,101.470,completed
SE001495,ST011,4,2026-06-20 11:09:00,2026-06-20 13:04:00,2.890,completed
SE001496,ST014,2,2026-06-20 11:19:00,2026-06-20 14:37:00,17.170,completed
SE001497,ST007,2,2026-06-20 11:37:00,2026-06-20 12:10:00,1.263,completed
SE001498,ST010,3,2026-06-20 11:42:00,2026-06-20 12:54:00,12.430,completed
SE001499,ST007,3,2026-06-20 11:54:00,2026-06-20 13:30:00,1.473,completed
SE001500,ST003,1,2026-06-20 12:26:00,2026-06-20 14:19:00,9.909,completed
SE001501,ST007,1,2026-06-20 12:29:00,2026-06-20 13:55:00,2.879,completed
SE001502,ST011,3,2026-06-20 12:34:00,2026-06-20 14:53:00,1.839,completed
SE001503,ST010,4,2026-06-20 12:36:00,2026-06-20 13:37:00,10.317,completed
SE001504,ST003,2,2026-06-20 12:45:00,2026-06-20 14:14:00,7.877,completed
SE001505,ST011,1,2026-06-20 13:30:00,2026-06-20 15:33:00,8.777,completed
SE001506,ST010,4,2026-06-20 13:54:00,2026-06-20 16:05:00,4.907,completed
SE001507,ST003,1,2026-06-20 14:26:00,2026-06-20 14:50:00,1.309,completed
SE001508,ST010,1,2026-06-20 14:28:00,2026-06-20 16:10:00,7.251,completed
SE001509,ST008,2,2026-06-20 15:36:00,2026-06-20 21:15:00,25.936,completed
SE001510,ST020,2,2026-06-20 16:18:00,2026-06-20 18:48:00,11.518,completed
SE001511,ST011,1,2026-06-20 16:36:00,2026-06-20 18:02:00,1.379,completed
SE001512,ST007,3,2026-06-20 16:42:00,2026-06-20 18:08:00,7.649,completed
SE001513,ST003,4,2026-06-20 16:51:00,2026-06-20 18:00:00,9.200,completed
SE001514,ST010,6,2026-06-20 17:13:00,2026-06-20 17:49:00,5.381,completed
SE001515,ST010,5,2026-06-20 17:43:00,2026-06-20 20:08:00,25.442,completed
SE001516,ST003,1,2026-06-20 18:02:00,2026-06-20 19:54:00,2.362,completed
SE001517,ST011,5,2026-06-20 18:12:00,2026-06-20 20:36:00,7.323,completed
SE001518,ST016,5,2026-06-20 18:27:00,2026-06-20 21:27:00,8.410,completed
SE001519,ST017,6,2026-06-20 19:07:00,2026-06-20 20:13:00,15.792,completed
SE001520,ST006,1,2026-06-20 19:18:00,2026-06-20 20:49:00,7.202,completed
SE001521,ST014,2,2026-06-20 19:44:00,2026-06-21 00:18:00,36.372,completed
SE001522,ST009,2,2026-06-20 20:09:00,2026-06-21 04:34:00,29.972,completed
SE001523,ST010,4,2026-06-20 20:37:00,2026-06-20 22:12:00,8.768,completed
SE001524,ST003,2,2026-06-20 21:07:00,2026-06-20 22:36:00,3.879,completed
SE001525,ST009,1,2026-06-20 21:26:00,2026-06-21 01:55:00,12.885,completed
SE001526,ST019,2,2026-06-20 21:51:00,2026-06-21 02:25:00,9.143,completed
SE001527,ST020,1,2026-06-20 22:02:00,2026-06-21 07:37:00,20.014,completed
SE001528,ST010,6,2026-06-20 22:25:00,2026-06-21 00:30:00,7.944,completed
SE001529,ST019,3,2026-06-20 22:38:00,2026-06-21 04:05:00,21.516,completed
SE001530,ST019,1,2026-06-20 22:49:00,2026-06-21 00:34:00,3.861,completed
SE001531,ST016,1,2026-06-20 23:57:00,2026-06-21 03:34:00,7.175,completed
SE001532,ST017,4,2026-06-21 00:01:00,2026-06-21 02:02:00,7.559,completed
SE001533,ST017,6,2026-06-21 00:58:00,2026-06-21 02:00:00,5.040,completed
SE001534,ST003,4,2026-06-21 01:33:00,2026-06-21 02:47:00,7.788,completed
SE001535,ST010,5,2026-06-21 02:30:00,2026-06-21 04:17:00,14.400,completed
SE001536,ST012,1,2026-06-21 04:11:00,2026-06-21 05:21:00,9.892,completed
SE001537,ST003,1,2026-06-21 04:14:00,2026-06-21 05:07:00,6.665,completed
SE001538,ST005,3,2026-06-21 04:26:00,2026-06-21 06:42:00,16.786,completed
SE001539,ST012,2,2026-06-21 05:19:00,2026-06-21 08:23:00,48.405,completed
SE001540,ST016,3,2026-06-21 06:04:00,2026-06-21 10:06:00,6.375,completed
SE001541,ST010,6,2026-06-21 06:32:00,2026-06-21 07:39:00,9.676,completed
SE001542,ST016,1,2026-06-21 07:02:00,2026-06-21 12:45:00,7.588,completed
SE001543,ST013,6,2026-06-21 07:28:00,2026-06-21 11:14:00,8.304,completed
SE001544,ST015,4,2026-06-21 07:30:00,2026-06-21 09:53:00,3.353,completed
SE001545,ST005,5,2026-06-21 07:33:00,2026-06-21 10:39:00,10.330,completed
SE001546,ST013,4,2026-06-21 08:00:00,2026-06-21 13:06:00,18.445,completed
SE001547,ST006,2,2026-06-21 08:04:00,2026-06-21 09:19:00,20.131,completed
SE001548,ST003,2,2026-06-21 08:11:00,2026-06-21 10:07:00,8.668,completed
SE001549,ST020,2,2026-06-21 08:42:00,2026-06-21 12:40:00,48.773,completed
SE001550,ST017,2,2026-06-21 09:02:00,2026-06-21 11:19:00,17.086,completed
SE001551,ST015,3,2026-06-21 09:07:00,2026-06-21 12:32:00,16.184,completed
SE001552,ST017,3,2026-06-21 09:10:00,2026-06-21 09:57:00,8.071,completed
SE001553,ST010,1,2026-06-21 09:34:00,2026-06-21 11:28:00,10.633,completed
SE001554,ST007,1,2026-06-21 09:35:00,2026-06-21 10:55:00,2.258,completed
SE001555,ST010,3,2026-06-21 09:40:00,2026-06-21 10:12:00,4.802,completed
SE001556,ST012,5,2026-06-21 09:48:00,2026-06-21 14:21:00,73.169,completed
SE001557,ST007,4,2026-06-21 09:50:00,2026-06-21 11:18:00,4.311,completed
SE001558,ST007,2,2026-06-21 09:52:00,2026-06-21 10:52:00,2.180,completed
SE001559,ST012,1,2026-06-21 09:57:00,2026-06-21 17:55:00,35.297,completed
SE001560,ST019,3,2026-06-21 10:05:00,2026-06-21 11:58:00,5.720,completed
SE001561,ST011,4,2026-06-21 10:10:00,2026-06-21 11:58:00,4.792,completed
SE001562,ST007,3,2026-06-21 10:15:00,2026-06-21 12:34:00,10.181,completed
SE001563,ST010,2,2026-06-21 10:33:00,2026-06-21 12:51:00,4.427,completed
SE001564,ST010,4,2026-06-21 10:46:00,2026-06-21 11:55:00,16.650,completed
SE001565,ST017,1,2026-06-21 11:01:00,2026-06-21 13:23:00,10.381,completed
SE001566,ST017,2,2026-06-21 11:35:00,2026-06-21 13:23:00,22.346,completed
SE001567,ST017,5,2026-06-21 11:36:00,2026-06-21 13:59:00,36.892,completed
SE001568,ST006,1,2026-06-21 12:31:00,2026-06-21 13:31:00,15.512,completed
SE001569,ST010,1,2026-06-21 12:32:00,2026-06-21 13:28:00,14.316,completed
SE001570,ST016,2,2026-06-21 12:39:00,2026-06-21 18:06:00,5.551,completed
SE001571,ST010,4,2026-06-21 12:43:00,2026-06-21 13:12:00,7.143,completed
SE001572,ST007,4,2026-06-21 12:49:00,2026-06-21 13:36:00,1.474,completed
SE001573,ST010,2,2026-06-21 12:56:00,2026-06-21 13:52:00,5.156,completed
SE001574,ST007,1,2026-06-21 13:15:00,2026-06-21 14:03:00,1.508,completed
SE001575,ST003,2,2026-06-21 13:17:00,2026-06-21 13:55:00,3.424,completed
SE001576,ST002,1,2026-06-21 13:40:00,2026-06-21 19:12:00,41.547,completed
SE001577,ST004,2,2026-06-21 13:49:00,2026-06-21 21:33:00,37.731,completed
SE001578,ST017,2,2026-06-21 14:18:00,2026-06-21 16:00:00,13.022,completed
SE001579,ST003,3,2026-06-21 14:20:00,2026-06-21 15:18:00,1.850,completed
SE001580,ST015,3,2026-06-21 14:23:00,2026-06-21 18:58:00,22.635,completed
SE001581,ST017,1,2026-06-21 14:38:00,2026-06-21 15:57:00,7.598,completed
SE001582,ST007,4,2026-06-21 14:49:00,2026-06-21 16:35:00,7.461,completed
SE001583,ST007,3,2026-06-21 15:07:00,2026-06-21 17:07:00,6.236,completed
SE001584,ST017,3,2026-06-21 15:39:00,2026-06-21 17:21:00,27.271,completed
SE001585,ST007,2,2026-06-21 16:02:00,2026-06-21 16:56:00,5.300,completed
SE001586,ST010,4,2026-06-21 16:22:00,2026-06-21 18:26:00,21.927,completed
SE001587,ST003,3,2026-06-21 16:23:00,2026-06-21 17:26:00,7.448,completed
SE001588,ST007,4,2026-06-21 17:09:00,2026-06-21 17:38:00,1.685,completed
SE001589,ST007,3,2026-06-21 17:25:00,2026-06-21 19:39:00,9.632,completed
SE001590,ST010,3,2026-06-21 17:28:00,2026-06-21 19:44:00,5.408,completed
SE001591,ST005,5,2026-06-21 17:48:00,2026-06-21 19:44:00,6.554,completed
SE001592,ST011,4,2026-06-21 17:54:00,2026-06-21 20:23:00,8.634,completed
SE001593,ST019,2,2026-06-21 17:59:00,2026-06-21 21:54:00,7.845,completed
SE001594,ST016,1,2026-06-21 18:03:00,2026-06-21 18:11:00,0.000,failed
SE001595,ST017,5,2026-06-21 18:10:00,2026-06-21 20:22:00,14.308,completed
SE001596,ST005,6,2026-06-21 18:23:00,2026-06-21 21:20:00,17.258,completed
SE001597,ST016,4,2026-06-21 18:41:00,2026-06-21 21:37:00,11.860,completed
SE001598,ST003,3,2026-06-21 18:51:00,2026-06-21 20:05:00,2.140,completed
SE001599,ST006,1,2026-06-21 19:19:00,2026-06-21 21:45:00,39.860,completed
SE001600,ST004,1,2026-06-21 19:36:00,2026-06-22 02:18:00,84.842,completed
SE001601,ST003,4,2026-06-21 19:50:00,2026-06-21 22:14:00,2.927,completed
SE001602,ST005,1,2026-06-21 20:28:00,2026-06-22 06:25:00,61.463,completed
SE001603,ST020,1,2026-06-21 20:38:00,2026-06-21 23:53:00,16.840,completed
SE001604,ST011,1,2026-06-21 20:57:00,2026-06-21 22:20:00,2.647,completed
SE001605,ST013,4,2026-06-21 21:07:00,2026-06-21 23:48:00,16.196,completed
SE001606,ST015,3,2026-06-21 22:14:00,2026-06-21 23:15:00,8.030,completed
SE001607,ST020,2,2026-06-21 22:26:00,2026-06-22 06:41:00,104.400,completed
SE001608,ST017,1,2026-06-21 22:41:00,2026-06-22 00:09:00,21.750,completed
SE001609,ST019,3,2026-06-21 22:59:00,2026-06-22 04:01:00,14.617,completed
SE001610,ST004,2,2026-06-21 23:12:00,2026-06-22 01:27:00,32.886,completed
SE001611,ST005,2,2026-06-21 23:39:00,2026-06-22 07:16:00,14.593,completed
SE001612,ST007,1,2026-06-21 23:41:00,2026-06-22 01:41:00,6.443,completed
SE001613,ST009,2,2026-06-22 01:20:00,2026-06-22 07:25:00,37.835,completed
SE001614,ST012,4,2026-06-22 01:54:00,2026-06-22 06:34:00,71.500,completed
SE001615,ST017,5,2026-06-22 02:40:00,2026-06-22 04:07:00,8.424,completed
SE001616,ST012,5,2026-06-22 02:43:00,2026-06-22 08:17:00,67.660,completed
SE001617,ST017,6,2026-06-22 04:16:00,2026-06-22 04:40:00,4.958,completed
SE001618,ST016,2,2026-06-22 05:14:00,2026-06-22 14:12:00,68.777,completed
SE001619,ST006,2,2026-06-22 05:22:00,2026-06-22 06:32:00,15.712,completed
SE001620,ST014,2,2026-06-22 05:27:00,2026-06-22 07:05:00,4.715,completed
SE001621,ST014,5,2026-06-22 07:02:00,2026-06-22 11:59:00,52.784,completed
SE001622,ST012,3,2026-06-22 07:04:00,2026-06-22 14:11:00,79.942,completed
SE001623,ST005,4,2026-06-22 07:14:00,2026-06-22 13:29:00,10.100,completed
SE001624,ST013,5,2026-06-22 07:24:00,2026-06-22 08:31:00,2.152,completed
SE001625,ST016,3,2026-06-22 07:42:00,2026-06-22 16:57:00,55.658,completed
SE001626,ST008,2,2026-06-22 07:53:00,2026-06-22 14:56:00,42.298,completed
SE001627,ST008,4,2026-06-22 07:59:00,2026-06-22 10:39:00,10.224,completed
SE001628,ST012,2,2026-06-22 07:59:00,2026-06-22 11:14:00,19.768,completed
SE001629,ST002,1,2026-06-22 08:00:00,2026-06-22 14:15:00,27.213,completed
SE001630,ST015,3,2026-06-22 08:27:00,2026-06-22 09:28:00,1.953,completed
SE001631,ST013,2,2026-06-22 08:37:00,2026-06-22 14:43:00,20.631,completed
SE001632,ST013,4,2026-06-22 08:55:00,2026-06-22 10:25:00,8.842,completed
SE001633,ST015,4,2026-06-22 08:58:00,2026-06-22 16:03:00,43.951,completed
SE001634,ST017,3,2026-06-22 09:08:00,2026-06-22 10:20:00,14.981,completed
SE001635,ST016,4,2026-06-22 09:13:00,2026-06-22 09:17:00,0.000,failed
SE001636,ST002,4,2026-06-22 09:15:00,2026-06-22 09:20:00,0.000,failed
SE001637,ST009,1,2026-06-22 09:16:00,2026-06-22 12:39:00,27.467,completed
SE001638,ST013,6,2026-06-22 09:50:00,2026-06-22 16:18:00,19.036,completed
SE001639,ST008,1,2026-06-22 09:59:00,2026-06-22 13:27:00,8.216,completed
SE001640,ST008,3,2026-06-22 10:11:00,2026-06-22 11:26:00,6.449,completed
SE001641,ST013,3,2026-06-22 10:36:00,2026-06-22 16:52:00,18.837,completed
SE001642,ST013,4,2026-06-22 10:40:00,2026-06-22 13:09:00,12.791,completed
SE001643,ST017,1,2026-06-22 10:56:00,2026-06-22 12:05:00,17.937,completed
SE001644,ST003,2,2026-06-22 10:58:00,2026-06-22 11:40:00,3.779,completed
SE001645,ST002,2,2026-06-22 10:59:00,2026-06-22 11:07:00,0.000,failed
SE001646,ST013,5,2026-06-22 10:59:00,2026-06-22 16:21:00,38.514,completed
SE001647,ST017,3,2026-06-22 11:29:00,2026-06-22 13:04:00,7.806,completed
SE001648,ST010,1,2026-06-22 11:34:00,2026-06-22 13:42:00,11.665,completed
SE001649,ST014,2,2026-06-22 11:44:00,2026-06-22 18:53:00,13.630,completed
SE001650,ST017,5,2026-06-22 11:48:00,2026-06-22 13:09:00,19.022,completed
SE001651,ST011,4,2026-06-22 11:54:00,2026-06-22 13:30:00,2.406,completed
SE001652,ST003,1,2026-06-22 12:03:00,2026-06-22 13:50:00,5.310,completed
SE001653,ST002,4,2026-06-22 12:22:00,2026-06-22 19:02:00,47.183,completed
SE001654,ST002,2,2026-06-22 12:30:00,2026-06-22 14:01:00,8.621,completed
SE001655,ST012,1,2026-06-22 12:47:00,2026-06-22 19:44:00,84.491,completed
SE001656,ST017,2,2026-06-22 12:52:00,2026-06-22 14:09:00,13.600,completed
SE001657,ST003,4,2026-06-22 13:06:00,2026-06-22 13:14:00,0.000,failed
SE001658,ST013,4,2026-06-22 13:20:00,2026-06-22 17:02:00,10.024,completed
SE001659,ST015,1,2026-06-22 13:35:00,2026-06-22 18:08:00,36.378,completed
SE001660,ST012,2,2026-06-22 13:42:00,2026-06-22 19:12:00,71.787,completed
SE001661,ST017,3,2026-06-22 14:04:00,2026-06-22 15:18:00,10.664,completed
SE001662,ST015,2,2026-06-22 14:07:00,2026-06-22 18:08:00,10.599,completed
SE001663,ST011,4,2026-06-22 14:12:00,2026-06-22 15:30:00,5.107,completed
SE001664,ST010,2,2026-06-22 14:27:00,2026-06-22 16:40:00,31.596,completed
SE001665,ST017,4,2026-06-22 14:31:00,2026-06-22 14:37:00,0.000,failed
SE001666,ST012,5,2026-06-22 14:45:00,2026-06-22 19:32:00,32.723,completed
SE001667,ST003,4,2026-06-22 14:59:00,2026-06-22 16:01:00,5.051,completed
SE001668,ST017,6,2026-06-22 15:25:00,2026-06-22 17:43:00,31.872,completed
SE001669,ST017,1,2026-06-22 15:38:00,2026-06-22 17:40:00,14.661,completed
SE001670,ST019,3,2026-06-22 15:41:00,2026-06-23 01:11:00,24.652,completed
SE001671,ST005,5,2026-06-22 15:50:00,2026-06-23 00:08:00,32.059,completed
SE001672,ST008,5,2026-06-22 16:07:00,2026-06-22 22:41:00,27.993,completed
SE001673,ST017,2,2026-06-22 16:22:00,2026-06-22 16:52:00,6.530,completed
SE001674,ST017,4,2026-06-22 16:38:00,2026-06-22 17:51:00,12.152,completed
SE001675,ST010,2,2026-06-22 17:12:00,2026-06-22 19:12:00,10.867,completed
SE001676,ST010,1,2026-06-22 17:14:00,2026-06-22 18:30:00,8.028,completed
SE001677,ST011,3,2026-06-22 17:18:00,2026-06-22 17:59:00,3.614,completed
SE001678,ST009,1,2026-06-22 17:26:00,2026-06-23 01:54:00,17.490,completed
SE001679,ST019,2,2026-06-22 17:40:00,2026-06-22 20:40:00,4.639,completed
SE001680,ST016,3,2026-06-22 17:46:00,2026-06-22 21:29:00,22.561,completed
SE001681,ST006,2,2026-06-22 17:50:00,2026-06-22 19:58:00,22.715,completed
SE001682,ST008,2,2026-06-22 18:18:00,2026-06-22 18:24:00,0.000,failed
SE001683,ST013,2,2026-06-22 18:27:00,2026-06-22 19:35:00,8.625,completed
SE001684,ST019,1,2026-06-22 18:35:00,2026-06-23 01:48:00,13.592,completed
SE001685,ST010,6,2026-06-22 18:44:00,2026-06-22 19:27:00,2.026,completed
SE001686,ST010,1,2026-06-22 19:03:00,2026-06-22 20:07:00,16.467,completed
SE001687,ST016,1,2026-06-22 19:14:00,2026-06-23 01:59:00,32.882,completed
SE001688,ST017,6,2026-06-22 19:14:00,2026-06-22 21:06:00,11.159,completed
SE001689,ST003,4,2026-06-22 19:19:00,2026-06-22 21:32:00,8.503,completed
SE001690,ST014,3,2026-06-22 19:19:00,2026-06-22 23:50:00,30.277,completed
SE001691,ST005,4,2026-06-22 20:11:00,2026-06-23 02:34:00,39.700,completed
SE001692,ST008,2,2026-06-22 20:17:00,2026-06-23 01:19:00,21.263,completed
SE001693,ST005,6,2026-06-22 20:24:00,2026-06-23 00:05:00,14.622,completed
SE001694,ST019,2,2026-06-22 21:14:00,2026-06-23 05:15:00,40.003,completed
SE001695,ST017,3,2026-06-22 21:54:00,2026-06-22 22:39:00,7.617,completed
SE001696,ST014,4,2026-06-22 21:55:00,2026-06-23 05:34:00,40.987,completed
SE001697,ST005,3,2026-06-22 22:02:00,2026-06-23 07:09:00,45.027,completed
SE001698,ST005,1,2026-06-22 22:46:00,2026-06-23 02:57:00,32.349,completed
SE001699,ST005,2,2026-06-22 22:49:00,2026-06-23 03:23:00,28.539,completed
SE001700,ST015,3,2026-06-23 00:08:00,2026-06-23 06:06:00,9.193,completed
SE001701,ST002,4,2026-06-23 00:24:00,2026-06-23 07:06:00,36.969,completed
SE001702,ST003,4,2026-06-23 01:36:00,2026-06-23 04:03:00,14.237,completed
SE001703,ST006,1,2026-06-23 02:34:00,2026-06-23 03:37:00,12.111,completed
SE001704,ST016,2,2026-06-23 02:39:00,2026-06-23 05:33:00,3.324,completed
SE001705,ST011,3,2026-06-23 03:45:00,2026-06-23 04:55:00,1.100,completed
SE001706,ST010,2,2026-06-23 03:51:00,2026-06-23 05:12:00,5.575,completed
SE001707,ST005,1,2026-06-23 04:30:00,2026-06-23 14:21:00,10.522,completed
SE001708,ST002,2,2026-06-23 05:43:00,2026-06-23 07:55:00,4.605,completed
SE001709,ST009,1,2026-06-23 06:35:00,2026-06-23 09:26:00,16.991,completed
SE001710,ST014,3,2026-06-23 07:12:00,2026-06-23 11:24:00,57.007,completed
SE001711,ST008,4,2026-06-23 07:29:00,2026-06-23 08:27:00,7.297,completed
SE001712,ST013,6,2026-06-23 07:44:00,2026-06-23 11:22:00,12.981,completed
SE001713,ST012,5,2026-06-23 07:46:00,2026-06-23 09:23:00,25.085,completed
SE001714,ST013,3,2026-06-23 07:46:00,2026-06-23 14:36:00,44.100,completed
SE001715,ST002,6,2026-06-23 07:48:00,2026-06-23 10:55:00,17.801,completed
SE001716,ST002,5,2026-06-23 07:51:00,2026-06-23 12:49:00,8.594,completed
SE001717,ST014,2,2026-06-23 07:51:00,2026-06-23 11:13:00,48.406,completed
SE001718,ST019,2,2026-06-23 08:00:00,2026-06-23 13:08:00,27.427,completed
SE001719,ST012,4,2026-06-23 08:38:00,2026-06-23 12:17:00,24.025,completed
SE001720,ST014,1,2026-06-23 08:41:00,2026-06-23 12:14:00,54.178,completed
SE001721,ST013,2,2026-06-23 08:42:00,2026-06-23 10:06:00,9.820,completed
SE001722,ST015,4,2026-06-23 08:48:00,2026-06-23 11:34:00,15.596,completed
SE001723,ST016,3,2026-06-23 09:21:00,2026-06-23 13:27:00,16.096,completed
SE001724,ST008,2,2026-06-23 09:27:00,2026-06-23 12:44:00,20.648,completed
SE001725,ST017,1,2026-06-23 09:32:00,2026-06-23 11:17:00,13.586,completed
SE001726,ST007,3,2026-06-23 09:34:00,2026-06-23 10:56:00,6.743,completed
SE001727,ST003,4,2026-06-23 09:37:00,2026-06-23 11:50:00,11.322,completed
SE001728,ST007,1,2026-06-23 09:39:00,2026-06-23 12:05:00,18.222,completed
SE001729,ST015,1,2026-06-23 09:41:00,2026-06-23 16:14:00,34.153,completed
SE001730,ST013,1,2026-06-23 09:53:00,2026-06-23 14:20:00,13.531,completed
SE001731,ST008,3,2026-06-23 09:59:00,2026-06-23 10:01:00,0.000,failed
SE001732,ST002,2,2026-06-23 10:01:00,2026-06-23 17:08:00,57.714,completed
SE001733,ST002,4,2026-06-23 10:33:00,2026-06-23 18:19:00,56.666,completed
SE001734,ST003,1,2026-06-23 10:58:00,2026-06-23 13:25:00,4.185,completed
SE001735,ST006,1,2026-06-23 11:19:00,2026-06-23 13:40:00,34.017,completed
SE001736,ST007,3,2026-06-23 11:43:00,2026-06-23 14:13:00,17.715,completed
SE001737,ST011,1,2026-06-23 11:46:00,2026-06-23 12:07:00,1.571,completed
SE001738,ST013,4,2026-06-23 11:51:00,2026-06-23 17:04:00,37.527,completed
SE001739,ST018,1,2026-06-23 11:51:00,2026-06-23 12:37:00,10.063,completed
SE001740,ST009,1,2026-06-23 11:54:00,2026-06-23 14:35:00,9.978,completed
SE001741,ST011,2,2026-06-23 12:01:00,2026-06-23 14:23:00,9.492,completed
SE001742,ST012,1,2026-06-23 12:12:00,2026-06-23 12:17:00,0.000,failed
SE001743,ST002,1,2026-06-23 12:21:00,2026-06-23 16:08:00,24.035,completed
SE001744,ST013,6,2026-06-23 12:27:00,2026-06-23 14:13:00,7.236,completed
SE001745,ST008,2,2026-06-23 12:50:00,2026-06-23 12:55:00,0.000,failed
SE001746,ST011,1,2026-06-23 12:55:00,2026-06-23 15:01:00,2.890,completed
SE001747,ST003,4,2026-06-23 13:33:00,2026-06-23 14:56:00,2.960,completed
SE001748,ST013,5,2026-06-23 13:52:00,2026-06-23 16:12:00,12.961,completed
SE001749,ST011,3,2026-06-23 14:01:00,2026-06-23 14:35:00,1.310,completed
SE001750,ST012,2,2026-06-23 14:02:00,2026-06-23 16:24:00,10.027,completed
SE001751,ST008,5,2026-06-23 14:04:00,2026-06-23 20:35:00,9.651,completed
SE001752,ST003,3,2026-06-23 14:24:00,2026-06-23 16:28:00,10.139,completed
SE001753,ST013,1,2026-06-23 14:38:00,2026-06-23 18:12:00,9.727,completed
SE001754,ST007,3,2026-06-23 15:27:00,2026-06-23 16:46:00,4.593,completed
SE001755,ST008,1,2026-06-23 16:31:00,2026-06-23 22:29:00,44.157,completed
SE001756,ST010,6,2026-06-23 16:43:00,2026-06-23 18:43:00,11.350,completed
SE001757,ST007,1,2026-06-23 16:51:00,2026-06-23 17:24:00,0.842,completed
SE001758,ST011,1,2026-06-23 16:55:00,2026-06-23 18:52:00,3.781,completed
SE001759,ST020,2,2026-06-23 17:09:00,2026-06-23 19:27:00,12.181,completed
SE001760,ST016,5,2026-06-23 17:11:00,2026-06-23 20:21:00,11.599,completed
SE001761,ST012,5,2026-06-23 17:14:00,2026-06-23 20:04:00,33.756,completed
SE001762,ST014,3,2026-06-23 17:34:00,2026-06-23 22:34:00,52.467,completed
SE001763,ST019,2,2026-06-23 17:46:00,2026-06-24 00:33:00,20.971,completed
SE001764,ST011,5,2026-06-23 17:50:00,2026-06-23 18:37:00,3.921,completed
SE001765,ST016,2,2026-06-23 17:50:00,2026-06-24 03:24:00,33.651,completed
SE001766,ST011,4,2026-06-23 17:51:00,2026-06-23 19:04:00,4.868,completed
SE001767,ST010,2,2026-06-23 17:56:00,2026-06-23 18:36:00,3.611,completed
SE001768,ST016,1,2026-06-23 18:23:00,2026-06-24 01:24:00,38.556,completed
SE001769,ST011,3,2026-06-23 18:31:00,2026-06-23 20:35:00,2.303,completed
SE001770,ST007,1,2026-06-23 18:41:00,2026-06-23 19:48:00,7.626,completed
SE001771,ST005,4,2026-06-23 19:05:00,2026-06-24 04:33:00,54.485,completed
SE001772,ST005,5,2026-06-23 19:22:00,2026-06-23 23:31:00,14.633,completed
SE001773,ST014,4,2026-06-23 19:27:00,2026-06-24 01:13:00,60.129,completed
SE001774,ST019,3,2026-06-23 19:41:00,2026-06-24 02:46:00,18.506,completed
SE001775,ST011,2,2026-06-23 19:45:00,2026-06-23 20:05:00,1.440,completed
SE001776,ST005,6,2026-06-23 20:09:00,2026-06-23 21:53:00,8.754,completed
SE001777,ST013,4,2026-06-23 20:19:00,2026-06-24 00:12:00,20.369,completed
SE001778,ST009,2,2026-06-23 20:58:00,2026-06-24 03:18:00,16.488,completed
SE001779,ST016,3,2026-06-23 21:59:00,2026-06-24 03:37:00,11.865,completed
SE001780,ST016,6,2026-06-23 22:44:00,2026-06-24 03:25:00,32.170,completed
SE001781,ST019,1,2026-06-23 23:34:00,2026-06-24 04:46:00,20.913,completed
SE001782,ST012,2,2026-06-23 23:38:00,2026-06-24 00:32:00,13.193,completed
SE001783,ST003,4,2026-06-23 23:58:00,2026-06-24 00:02:00,0.000,failed
SE001784,ST012,5,2026-06-24 00:46:00,2026-06-24 03:19:00,11.051,completed
SE001785,ST008,4,2026-06-24 02:38:00,2026-06-24 05:48:00,14.999,completed
SE001786,ST007,4,2026-06-24 02:57:00,2026-06-24 05:27:00,3.652,completed
SE001787,ST011,4,2026-06-24 03:19:00,2026-06-24 04:07:00,3.082,completed
SE001788,ST014,2,2026-06-24 04:04:00,2026-06-24 09:31:00,26.716,completed
SE001789,ST005,3,2026-06-24 05:35:00,2026-06-24 05:37:00,0.000,failed
SE001790,ST002,1,2026-06-24 05:53:00,2026-06-24 13:32:00,54.417,completed
SE001791,ST007,4,2026-06-24 06:56:00,2026-06-24 07:44:00,1.420,completed
SE001792,ST015,3,2026-06-24 07:08:00,2026-06-24 09:21:00,9.648,completed
SE001793,ST019,2,2026-06-24 07:10:00,2026-06-24 10:56:00,13.753,completed
SE001794,ST013,1,2026-06-24 07:40:00,2026-06-24 11:01:00,15.819,completed
SE001795,ST014,5,2026-06-24 07:43:00,2026-06-24 11:11:00,11.698,completed
SE001796,ST002,3,2026-06-24 07:47:00,2026-06-24 08:46:00,7.534,completed
SE001797,ST013,5,2026-06-24 08:02:00,2026-06-24 12:53:00,5.653,completed
SE001798,ST002,6,2026-06-24 08:19:00,2026-06-24 13:59:00,46.493,completed
SE001799,ST008,3,2026-06-24 08:53:00,2026-06-24 16:13:00,6.479,completed
SE001800,ST013,6,2026-06-24 09:03:00,2026-06-24 13:28:00,23.833,completed
SE001801,ST008,4,2026-06-24 09:14:00,2026-06-24 11:17:00,10.396,completed
SE001802,ST002,3,2026-06-24 09:16:00,2026-06-24 09:22:00,0.000,failed
SE001803,ST014,2,2026-06-24 09:38:00,2026-06-24 11:53:00,22.071,completed
SE001804,ST016,6,2026-06-24 09:38:00,2026-06-24 15:20:00,44.656,completed
SE001805,ST015,3,2026-06-24 09:41:00,2026-06-24 15:18:00,19.650,completed
SE001806,ST018,1,2026-06-24 09:43:00,2026-06-24 15:04:00,18.606,completed
SE001807,ST017,4,2026-06-24 10:00:00,2026-06-24 11:12:00,6.428,completed
SE001808,ST002,5,2026-06-24 10:04:00,2026-06-24 16:02:00,18.930,completed
SE001809,ST013,3,2026-06-24 10:05:00,2026-06-24 11:04:00,0.900,completed
SE001810,ST002,3,2026-06-24 10:13:00,2026-06-24 16:55:00,41.082,completed
SE001811,ST013,2,2026-06-24 10:21:00,2026-06-24 13:45:00,20.629,completed
SE001812,ST010,3,2026-06-24 10:46:00,2026-06-24 11:20:00,2.490,completed
SE001813,ST011,4,2026-06-24 11:09:00,2026-06-24 11:48:00,1.331,completed
SE001814,ST017,5,2026-06-24 11:49:00,2026-06-24 12:31:00,4.384,completed
SE001815,ST017,2,2026-06-24 12:32:00,2026-06-24 13:33:00,12.204,completed
SE001816,ST017,3,2026-06-24 13:18:00,2026-06-24 15:00:00,3.954,completed
SE001817,ST005,1,2026-06-24 14:05:00,2026-06-24 16:18:00,9.623,completed
SE001818,ST002,6,2026-06-24 14:25:00,2026-06-24 21:04:00,21.802,completed
SE001819,ST002,2,2026-06-24 14:26:00,2026-06-24 17:51:00,5.567,completed
SE001820,ST007,2,2026-06-24 14:41:00,2026-06-24 15:27:00,3.717,completed
SE001821,ST010,2,2026-06-24 14:45:00,2026-06-24 16:35:00,30.066,completed
SE001822,ST010,5,2026-06-24 15:31:00,2026-06-24 16:39:00,8.036,completed
SE001823,ST006,1,2026-06-24 15:43:00,2026-06-24 17:43:00,7.743,completed
SE001824,ST014,4,2026-06-24 17:04:00,2026-06-24 19:28:00,12.806,completed
SE001825,ST016,2,2026-06-24 17:07:00,2026-06-25 00:40:00,8.753,completed
SE001826,ST010,1,2026-06-24 17:10:00,2026-06-24 18:27:00,18.521,completed
SE001827,ST005,5,2026-06-24 17:31:00,2026-06-24 19:41:00,8.078,completed
SE001828,ST010,6,2026-06-24 17:43:00,2026-06-24 18:56:00,14.453,completed
SE001829,ST005,2,2026-06-24 17:52:00,2026-06-25 01:56:00,13.530,completed
SE001830,ST011,1,2026-06-24 17:56:00,2026-06-24 19:22:00,6.056,completed
SE001831,ST005,6,2026-06-24 18:18:00,2026-06-25 03:45:00,76.371,completed
SE001832,ST016,5,2026-06-24 18:28:00,2026-06-25 00:47:00,29.001,completed
SE001833,ST019,3,2026-06-24 18:40:00,2026-06-24 22:06:00,12.717,completed
SE001834,ST016,1,2026-06-24 18:47:00,2026-06-24 22:06:00,8.827,completed
SE001835,ST004,2,2026-06-24 18:51:00,2026-06-25 04:46:00,88.051,completed
SE001836,ST017,4,2026-06-24 18:54:00,2026-06-24 21:18:00,21.948,completed
SE001837,ST007,2,2026-06-24 18:57:00,2026-06-24 20:45:00,2.906,completed
SE001838,ST010,3,2026-06-24 19:30:00,2026-06-24 19:35:00,0.000,failed
SE001839,ST004,1,2026-06-24 19:31:00,2026-06-25 00:52:00,41.288,completed
SE001840,ST019,1,2026-06-24 19:47:00,2026-06-24 21:27:00,5.382,completed
SE001841,ST016,4,2026-06-24 20:13:00,2026-06-25 05:36:00,53.953,completed
SE001842,ST005,1,2026-06-24 20:17:00,2026-06-25 05:45:00,18.982,completed
SE001843,ST002,4,2026-06-24 20:24:00,2026-06-24 21:11:00,4.080,completed
SE001844,ST005,3,2026-06-24 21:00:00,2026-06-25 00:50:00,18.388,completed
SE001845,ST002,3,2026-06-24 21:28:00,2026-06-25 04:25:00,18.968,completed
SE001846,ST012,1,2026-06-24 21:40:00,2026-06-25 02:10:00,49.693,completed
SE001847,ST019,2,2026-06-24 21:56:00,2026-06-25 03:53:00,11.595,completed
SE001848,ST011,1,2026-06-24 22:17:00,2026-06-24 22:39:00,0.537,completed
SE001849,ST009,2,2026-06-24 22:23:00,2026-06-25 03:56:00,39.702,completed
SE001850,ST009,1,2026-06-24 23:48:00,2026-06-25 05:50:00,37.482,completed
SE001851,ST011,3,2026-06-24 23:57:00,2026-06-25 01:44:00,3.027,completed
SE001852,ST007,2,2026-06-25 00:39:00,2026-06-25 00:59:00,1.087,completed
SE001853,ST007,2,2026-06-25 02:20:00,2026-06-25 03:45:00,9.495,completed
SE001854,ST011,3,2026-06-25 04:02:00,2026-06-25 04:27:00,0.408,completed
SE001855,ST011,1,2026-06-25 05:37:00,2026-06-25 06:14:00,2.805,completed
SE001856,ST009,1,2026-06-25 05:51:00,2026-06-25 12:13:00,47.906,completed
SE001857,ST003,3,2026-06-25 05:58:00,2026-06-25 06:55:00,3.024,completed
SE001858,ST008,4,2026-06-25 06:05:00,2026-06-25 11:06:00,25.385,completed
SE001859,ST007,3,2026-06-25 06:40:00,2026-06-25 07:03:00,0.493,completed
SE001860,ST005,3,2026-06-25 07:20:00,2026-06-25 15:56:00,37.850,completed
SE001861,ST008,5,2026-06-25 07:27:00,2026-06-25 12:52:00,28.401,completed
SE001862,ST011,5,2026-06-25 07:50:00,2026-06-25 08:40:00,2.005,completed
SE001863,ST013,4,2026-06-25 08:13:00,2026-06-25 13:13:00,20.490,completed
SE001864,ST008,2,2026-06-25 08:19:00,2026-06-25 14:34:00,45.272,completed
SE001865,ST017,1,2026-06-25 08:43:00,2026-06-25 10:29:00,12.070,completed
SE001866,ST008,1,2026-06-25 08:57:00,2026-06-25 10:44:00,13.502,completed
SE001867,ST017,5,2026-06-25 09:14:00,2026-06-25 10:00:00,3.800,completed
SE001868,ST013,5,2026-06-25 09:16:00,2026-06-25 11:58:00,10.859,completed
SE001869,ST008,3,2026-06-25 09:18:00,2026-06-25 10:13:00,3.612,completed
SE001870,ST013,2,2026-06-25 09:22:00,2026-06-25 11:24:00,11.519,completed
SE001871,ST017,3,2026-06-25 09:31:00,2026-06-25 11:24:00,4.948,completed
SE001872,ST002,1,2026-06-25 09:47:00,2026-06-25 10:46:00,2.577,completed
SE001873,ST010,6,2026-06-25 09:55:00,2026-06-25 12:03:00,28.083,completed
SE001874,ST002,2,2026-06-25 10:02:00,2026-06-25 17:49:00,24.075,completed
SE001875,ST011,5,2026-06-25 10:05:00,2026-06-25 12:13:00,3.785,completed
SE001876,ST011,1,2026-06-25 10:13:00,2026-06-25 10:39:00,0.698,completed
SE001877,ST010,3,2026-06-25 10:16:00,2026-06-25 11:38:00,8.057,completed
SE001878,ST002,4,2026-06-25 10:24:00,2026-06-25 14:06:00,9.871,completed
SE001879,ST008,3,2026-06-25 10:48:00,2026-06-25 12:09:00,7.740,completed
SE001880,ST002,6,2026-06-25 10:53:00,2026-06-25 17:31:00,48.950,completed
SE001881,ST016,1,2026-06-25 10:54:00,2026-06-25 19:56:00,9.808,completed
SE001882,ST017,5,2026-06-25 10:59:00,2026-06-25 12:52:00,21.024,completed
SE001883,ST005,5,2026-06-25 12:05:00,2026-06-25 21:06:00,71.657,completed
SE001884,ST004,3,2026-06-25 12:08:00,2026-06-25 21:40:00,141.816,completed
SE001885,ST002,5,2026-06-25 12:39:00,2026-06-25 13:42:00,4.900,completed
SE001886,ST010,2,2026-06-25 12:46:00,2026-06-25 13:15:00,6.444,completed
SE001887,ST014,3,2026-06-25 13:22:00,2026-06-25 20:12:00,32.861,completed
SE001888,ST017,4,2026-06-25 13:38:00,2026-06-25 15:23:00,25.708,completed
SE001889,ST017,3,2026-06-25 14:34:00,2026-06-25 15:08:00,6.546,completed
SE001890,ST008,4,2026-06-25 14:54:00,2026-06-25 18:24:00,21.969,completed
SE001891,ST010,1,2026-06-25 15:18:00,2026-06-25 17:12:00,19.781,completed
SE001892,ST017,1,2026-06-25 15:40:00,2026-06-25 16:56:00,17.407,completed
SE001893,ST010,4,2026-06-25 16:11:00,2026-06-25 17:21:00,6.137,completed
SE001894,ST010,3,2026-06-25 16:15:00,2026-06-25 18:30:00,33.815,completed
SE001895,ST007,3,2026-06-25 16:17:00,2026-06-25 17:26:00,1.338,completed
SE001896,ST008,5,2026-06-25 16:19:00,2026-06-25 19:41:00,25.625,completed
SE001897,ST002,5,2026-06-25 16:32:00,2026-06-25 22:57:00,29.577,completed
SE001898,ST002,4,2026-06-25 16:42:00,2026-06-25 21:14:00,25.251,completed
SE001899,ST011,1,2026-06-25 17:02:00,2026-06-25 17:26:00,1.388,completed
SE001900,ST016,3,2026-06-25 17:05:00,2026-06-25 20:15:00,13.582,completed
SE001901,ST017,1,2026-06-25 17:11:00,2026-06-25 19:40:00,28.783,completed
SE001902,ST017,6,2026-06-25 17:13:00,2026-06-25 17:59:00,9.280,completed
SE001903,ST016,5,2026-06-25 17:18:00,2026-06-25 18:59:00,2.667,completed
SE001904,ST005,1,2026-06-25 17:31:00,2026-06-26 00:23:00,9.852,completed
SE001905,ST017,5,2026-06-25 17:34:00,2026-06-25 17:58:00,2.026,completed
SE001906,ST007,3,2026-06-25 17:49:00,2026-06-25 19:40:00,8.880,completed
SE001907,ST003,4,2026-06-25 17:51:00,2026-06-25 18:14:00,0.385,completed
SE001908,ST009,1,2026-06-25 18:00:00,2026-06-26 00:05:00,5.571,completed
SE001909,ST020,2,2026-06-25 18:03:00,2026-06-26 03:04:00,37.691,completed
SE001910,ST019,3,2026-06-25 18:29:00,2026-06-25 21:06:00,2.832,completed
SE001911,ST020,1,2026-06-25 18:31:00,2026-06-25 23:04:00,66.888,completed
SE001912,ST011,2,2026-06-25 18:39:00,2026-06-25 20:31:00,3.736,completed
SE001913,ST011,3,2026-06-25 18:45:00,2026-06-25 19:26:00,3.172,completed
SE001914,ST017,6,2026-06-25 18:47:00,2026-06-25 19:31:00,3.388,completed
SE001915,ST005,4,2026-06-25 18:48:00,2026-06-25 21:48:00,13.128,completed
SE001916,ST011,5,2026-06-25 19:00:00,2026-06-25 20:37:00,6.095,completed
SE001917,ST009,2,2026-06-25 19:03:00,2026-06-26 04:37:00,8.742,completed
SE001918,ST007,2,2026-06-25 19:04:00,2026-06-25 20:52:00,5.987,completed
SE001919,ST007,1,2026-06-25 19:44:00,2026-06-25 21:26:00,9.527,completed
SE001920,ST017,1,2026-06-25 19:54:00,2026-06-25 21:13:00,18.717,completed
SE001921,ST017,3,2026-06-25 20:03:00,2026-06-25 20:43:00,10.930,completed
SE001922,ST017,6,2026-06-25 21:57:00,2026-06-25 23:39:00,17.227,completed
SE001923,ST002,4,2026-06-25 22:07:00,2026-06-25 23:55:00,9.563,completed
SE001924,ST005,5,2026-06-25 22:39:00,2026-06-26 05:57:00,42.838,completed
SE001925,ST004,1,2026-06-25 23:12:00,2026-06-26 01:28:00,36.357,completed
SE001926,ST007,4,2026-06-25 23:43:00,2026-06-26 01:09:00,8.566,completed
SE001927,ST010,3,2026-06-26 03:17:00,2026-06-26 04:23:00,12.838,completed
SE001928,ST010,6,2026-06-26 03:22:00,2026-06-26 05:14:00,8.671,completed
SE001929,ST015,1,2026-06-26 03:41:00,2026-06-26 05:15:00,10.545,completed
SE001930,ST014,3,2026-06-26 04:52:00,2026-06-26 11:17:00,49.365,completed
SE001931,ST009,1,2026-06-26 06:26:00,2026-06-26 10:26:00,24.668,completed
SE001932,ST017,3,2026-06-26 07:19:00,2026-06-26 08:24:00,15.319,completed
SE001933,ST008,1,2026-06-26 07:25:00,2026-06-26 11:18:00,8.781,completed
SE001934,ST018,2,2026-06-26 07:45:00,2026-06-26 12:25:00,71.062,completed
SE001935,ST015,3,2026-06-26 07:56:00,2026-06-26 08:03:00,0.000,failed
SE001936,ST013,5,2026-06-26 07:59:00,2026-06-26 13:53:00,17.619,completed
SE001937,ST002,3,2026-06-26 08:00:00,2026-06-26 09:18:00,7.457,completed
SE001938,ST008,2,2026-06-26 08:15:00,2026-06-26 11:56:00,25.855,completed
SE001939,ST013,4,2026-06-26 08:20:00,2026-06-26 15:50:00,23.684,completed
SE001940,ST002,5,2026-06-26 08:28:00,2026-06-26 10:03:00,10.678,completed
SE001941,ST013,2,2026-06-26 08:30:00,2026-06-26 11:05:00,19.232,completed
SE001942,ST019,2,2026-06-26 09:03:00,2026-06-26 12:43:00,4.994,completed
SE001943,ST002,4,2026-06-26 09:08:00,2026-06-26 15:44:00,26.386,completed
SE001944,ST017,2,2026-06-26 09:12:00,2026-06-26 09:54:00,7.776,completed
SE001945,ST002,2,2026-06-26 09:26:00,2026-06-26 11:05:00,12.082,completed
SE001946,ST010,6,2026-06-26 09:29:00,2026-06-26 11:34:00,15.600,completed
SE001947,ST013,3,2026-06-26 09:58:00,2026-06-26 17:05:00,50.883,completed
SE001948,ST007,3,2026-06-26 10:09:00,2026-06-26 10:35:00,3.062,completed
SE001949,ST017,1,2026-06-26 10:21:00,2026-06-26 12:03:00,16.169,completed
SE001950,ST008,5,2026-06-26 10:23:00,2026-06-26 12:53:00,20.321,completed
SE001951,ST002,1,2026-06-26 10:31:00,2026-06-26 12:48:00,3.467,completed
SE001952,ST013,1,2026-06-26 10:43:00,2026-06-26 14:20:00,6.301,completed
SE001953,ST003,3,2026-06-26 10:54:00,2026-06-26 13:06:00,8.827,completed
SE001954,ST010,6,2026-06-26 11:50:00,2026-06-26 12:23:00,8.277,completed
SE001955,ST013,2,2026-06-26 12:32:00,2026-06-26 20:06:00,53.250,completed
SE001956,ST015,2,2026-06-26 12:39:00,2026-06-26 14:42:00,6.970,completed
SE001957,ST011,3,2026-06-26 13:02:00,2026-06-26 14:59:00,10.745,completed
SE001958,ST010,5,2026-06-26 13:06:00,2026-06-26 13:46:00,7.343,completed
SE001959,ST005,4,2026-06-26 13:20:00,2026-06-26 19:33:00,47.849,completed
SE001960,ST003,1,2026-06-26 13:28:00,2026-06-26 14:28:00,2.992,completed
SE001961,ST007,2,2026-06-26 13:29:00,2026-06-26 14:56:00,6.838,completed
SE001962,ST018,2,2026-06-26 13:40:00,2026-06-26 21:05:00,83.863,completed
SE001963,ST015,1,2026-06-26 13:46:00,2026-06-26 21:24:00,34.040,completed
SE001964,ST003,3,2026-06-26 14:03:00,2026-06-26 15:02:00,7.060,completed
SE001965,ST016,4,2026-06-26 14:19:00,2026-06-26 22:09:00,19.721,completed
SE001966,ST017,2,2026-06-26 14:31:00,2026-06-26 15:10:00,1.685,completed
SE001967,ST017,6,2026-06-26 14:39:00,2026-06-26 16:43:00,20.623,completed
SE001968,ST007,1,2026-06-26 16:08:00,2026-06-26 18:29:00,16.530,completed
SE001969,ST003,3,2026-06-26 16:53:00,2026-06-26 18:27:00,6.483,completed
SE001970,ST011,5,2026-06-26 16:53:00,2026-06-26 17:50:00,3.834,completed
SE001971,ST011,2,2026-06-26 17:01:00,2026-06-26 18:28:00,7.393,completed
SE001972,ST004,1,2026-06-26 17:11:00,2026-06-26 21:19:00,57.843,completed
SE001973,ST010,2,2026-06-26 17:20:00,2026-06-26 19:34:00,26.312,completed
SE001974,ST010,5,2026-06-26 17:31:00,2026-06-26 18:45:00,7.042,completed
SE001975,ST017,6,2026-06-26 17:31:00,2026-06-26 19:51:00,15.230,completed
SE001976,ST016,1,2026-06-26 17:40:00,2026-06-26 22:43:00,7.396,completed
SE001977,ST003,2,2026-06-26 18:04:00,2026-06-26 18:33:00,1.196,completed
SE001978,ST004,2,2026-06-26 18:14:00,2026-06-26 23:33:00,29.093,completed
SE001979,ST003,1,2026-06-26 18:17:00,2026-06-26 19:30:00,4.943,completed
SE001980,ST019,3,2026-06-26 18:26:00,2026-06-26 20:21:00,9.028,completed
SE001981,ST017,5,2026-06-26 18:53:00,2026-06-26 20:38:00,18.663,completed
SE001982,ST011,4,2026-06-26 18:59:00,2026-06-26 21:18:00,5.076,completed
SE001983,ST005,1,2026-06-26 19:37:00,2026-06-26 21:27:00,11.466,completed
SE001984,ST010,2,2026-06-26 19:47:00,2026-06-26 22:13:00,34.404,completed
SE001985,ST008,4,2026-06-26 19:49:00,2026-06-26 21:38:00,9.600,completed
SE001986,ST017,3,2026-06-26 19:58:00,2026-06-26 21:12:00,19.807,completed
SE001987,ST019,3,2026-06-26 21:10:00,2026-06-26 22:41:00,6.788,completed
SE001988,ST011,3,2026-06-26 21:29:00,2026-06-26 21:37:00,0.000,failed
SE001989,ST004,1,2026-06-26 22:00:00,2026-06-27 06:31:00,86.716,completed
SE001990,ST019,1,2026-06-26 22:16:00,2026-06-27 01:58:00,3.274,completed
SE001991,ST008,2,2026-06-26 22:17:00,2026-06-27 01:57:00,3.557,completed
SE001992,ST013,2,2026-06-26 22:30:00,2026-06-27 02:05:00,7.121,completed
SE001993,ST014,2,2026-06-26 23:28:00,2026-06-27 02:38:00,32.797,completed
SE001994,ST016,4,2026-06-26 23:36:00,2026-06-27 05:55:00,27.073,completed
SE001995,ST009,1,2026-06-26 23:58:00,2026-06-27 07:13:00,44.188,completed
SE001996,ST005,1,2026-06-27 01:03:00,2026-06-27 10:33:00,65.671,completed
SE001997,ST017,3,2026-06-27 01:05:00,2026-06-27 01:58:00,3.920,completed
SE001998,ST007,1,2026-06-27 02:08:00,2026-06-27 02:30:00,2.847,completed
SE001999,ST005,3,2026-06-27 02:31:00,2026-06-27 06:47:00,4.376,completed
SE002000,ST005,2,2026-06-27 02:41:00,2026-06-27 06:26:00,23.303,completed
SE002001,ST010,3,2026-06-27 02:43:00,2026-06-27 05:01:00,24.902,completed
SE002002,ST010,4,2026-06-27 03:04:00,2026-06-27 05:02:00,31.231,completed
SE002003,ST011,4,2026-06-27 03:39:00,2026-06-27 05:56:00,8.379,completed
SE002004,ST007,1,2026-06-27 04:18:00,2026-06-27 06:40:00,19.390,completed
SE002005,ST010,2,2026-06-27 06:21:00,2026-06-27 06:45:00,4.645,completed
SE002006,ST009,1,2026-06-27 07:22:00,2026-06-27 10:17:00,3.370,completed
SE002007,ST013,1,2026-06-27 08:02:00,2026-06-27 12:09:00,26.911,completed
SE002008,ST018,1,2026-06-27 08:06:00,2026-06-27 14:54:00,45.349,completed
SE002009,ST008,4,2026-06-27 08:10:00,2026-06-27 12:42:00,18.535,completed
SE002010,ST003,4,2026-06-27 08:27:00,2026-06-27 10:57:00,19.612,completed
SE002011,ST016,4,2026-06-27 08:31:00,2026-06-27 17:20:00,12.174,completed
SE002012,ST010,1,2026-06-27 08:39:00,2026-06-27 09:12:00,7.040,completed
SE002013,ST007,1,2026-06-27 09:06:00,2026-06-27 11:21:00,7.882,completed
SE002014,ST005,2,2026-06-27 09:16:00,2026-06-27 12:27:00,13.635,completed
SE002015,ST013,4,2026-06-27 09:17:00,2026-06-27 15:49:00,29.629,completed
SE002016,ST004,3,2026-06-27 09:32:00,2026-06-27 13:30:00,43.030,completed
SE002017,ST011,1,2026-06-27 09:34:00,2026-06-27 11:35:00,1.611,completed
SE002018,ST016,1,2026-06-27 09:34:00,2026-06-27 14:45:00,18.543,completed
SE002019,ST019,3,2026-06-27 09:52:00,2026-06-27 16:00:00,30.359,completed
SE002020,ST003,2,2026-06-27 09:56:00,2026-06-27 10:38:00,3.331,completed
SE002021,ST011,3,2026-06-27 09:58:00,2026-06-27 11:46:00,2.480,completed
SE002022,ST010,6,2026-06-27 10:28:00,2026-06-27 12:22:00,26.849,completed
SE002023,ST007,2,2026-06-27 10:29:00,2026-06-27 11:53:00,9.576,completed
SE002024,ST010,3,2026-06-27 10:35:00,2026-06-27 12:56:00,12.284,completed
SE002025,ST011,5,2026-06-27 10:44:00,2026-06-27 12:18:00,3.389,completed
SE002026,ST011,1,2026-06-27 11:35:00,2026-06-27 12:31:00,1.646,completed
SE002027,ST017,4,2026-06-27 11:51:00,2026-06-27 12:42:00,12.339,completed
SE002028,ST010,4,2026-06-27 12:02:00,2026-06-27 13:01:00,11.095,completed
SE002029,ST007,1,2026-06-27 12:24:00,2026-06-27 12:27:00,0.000,failed
SE002030,ST008,2,2026-06-27 12:43:00,2026-06-27 20:17:00,10.327,completed
SE002031,ST011,1,2026-06-27 12:52:00,2026-06-27 13:59:00,2.513,completed
SE002032,ST010,3,2026-06-27 12:56:00,2026-06-27 14:01:00,10.378,completed
SE002033,ST011,2,2026-06-27 13:23:00,2026-06-27 14:38:00,5.734,completed
SE002034,ST007,3,2026-06-27 13:45:00,2026-06-27 15:13:00,6.515,completed
SE002035,ST011,1,2026-06-27 14:11:00,2026-06-27 15:03:00,1.849,completed
SE002036,ST010,6,2026-06-27 14:14:00,2026-06-27 15:56:00,16.135,completed
SE002037,ST016,3,2026-06-27 14:29:00,2026-06-27 20:59:00,21.526,completed
SE002038,ST017,6,2026-06-27 15:02:00,2026-06-27 15:22:00,4.541,completed
SE002039,ST007,3,2026-06-27 15:14:00,2026-06-27 16:26:00,3.403,completed
SE002040,ST010,3,2026-06-27 15:39:00,2026-06-27 17:28:00,24.864,completed
SE002041,ST005,5,2026-06-27 15:43:00,2026-06-27 17:55:00,7.536,completed
SE002042,ST010,4,2026-06-27 15:48:00,2026-06-27 17:04:00,4.131,completed
SE002043,ST007,4,2026-06-27 16:05:00,2026-06-27 16:29:00,1.050,completed
SE002044,ST011,3,2026-06-27 16:06:00,2026-06-27 16:49:00,2.796,completed
SE002045,ST010,1,2026-06-27 16:14:00,2026-06-27 17:34:00,10.010,completed
SE002046,ST016,5,2026-06-27 16:47:00,2026-06-27 22:51:00,14.119,completed
SE002047,ST019,1,2026-06-27 16:56:00,2026-06-27 22:23:00,14.067,completed
SE002048,ST017,3,2026-06-27 17:32:00,2026-06-27 18:41:00,17.172,completed
SE002049,ST011,4,2026-06-27 17:53:00,2026-06-27 18:33:00,0.674,completed
SE002050,ST010,2,2026-06-27 17:59:00,2026-06-27 19:27:00,7.755,completed
SE002051,ST010,6,2026-06-27 18:10:00,2026-06-27 20:28:00,5.332,completed
SE002052,ST007,3,2026-06-27 18:18:00,2026-06-27 19:33:00,7.782,completed
SE002053,ST019,3,2026-06-27 18:24:00,2026-06-27 18:26:00,0.000,failed
SE002054,ST007,4,2026-06-27 18:45:00,2026-06-27 19:35:00,2.883,completed
SE002055,ST011,1,2026-06-27 19:12:00,2026-06-27 20:00:00,4.411,completed
SE002056,ST010,4,2026-06-27 19:16:00,2026-06-27 21:31:00,28.128,completed
SE002057,ST010,5,2026-06-27 19:43:00,2026-06-27 20:21:00,4.189,completed
SE002058,ST006,2,2026-06-27 19:49:00,2026-06-27 21:36:00,5.427,completed
SE002059,ST019,3,2026-06-27 19:59:00,2026-06-27 23:28:00,3.972,completed
SE002060,ST016,1,2026-06-27 20:35:00,2026-06-27 22:52:00,12.495,completed
SE002061,ST017,3,2026-06-27 20:56:00,2026-06-27 21:34:00,6.215,completed
SE002062,ST004,3,2026-06-27 21:12:00,2026-06-27 23:29:00,34.325,completed
SE002063,ST007,2,2026-06-27 21:39:00,2026-06-27 22:16:00,3.839,completed
SE002064,ST005,4,2026-06-27 21:57:00,2026-06-28 03:49:00,37.259,completed
SE002065,ST007,1,2026-06-27 22:13:00,2026-06-28 00:36:00,16.777,completed
SE002066,ST016,2,2026-06-27 22:15:00,2026-06-28 08:14:00,11.836,completed
SE002067,ST005,5,2026-06-27 22:17:00,2026-06-28 05:20:00,34.142,completed
SE002068,ST016,4,2026-06-27 22:32:00,2026-06-28 06:54:00,62.179,completed
SE002069,ST007,3,2026-06-27 22:40:00,2026-06-28 00:27:00,14.139,completed
SE002070,ST007,2,2026-06-27 22:55:00,2026-06-28 01:17:00,13.759,completed
SE002071,ST005,1,2026-06-27 23:11:00,2026-06-28 07:42:00,30.349,completed
SE002072,ST005,2,2026-06-27 23:12:00,2026-06-28 07:49:00,46.593,completed
SE002073,ST005,6,2026-06-27 23:17:00,2026-06-28 05:14:00,34.831,completed
SE002074,ST009,1,2026-06-27 23:22:00,2026-06-28 07:15:00,15.553,completed
SE002075,ST009,2,2026-06-27 23:55:00,2026-06-28 05:02:00,5.000,completed
SE002076,ST017,5,2026-06-28 00:44:00,2026-06-28 02:03:00,7.834,completed
SE002077,ST003,2,2026-06-28 01:42:00,2026-06-28 03:37:00,10.385,completed
SE002078,ST016,6,2026-06-28 02:37:00,2026-06-28 07:27:00,16.826,completed
SE002079,ST019,1,2026-06-28 03:12:00,2026-06-28 05:59:00,7.848,completed
SE002080,ST003,3,2026-06-28 03:18:00,2026-06-28 05:16:00,8.918,completed
SE002081,ST007,4,2026-06-28 04:15:00,2026-06-28 05:29:00,4.330,completed
SE002082,ST014,5,2026-06-28 06:16:00,2026-06-28 08:40:00,5.240,completed
SE002083,ST017,4,2026-06-28 07:22:00,2026-06-28 07:51:00,3.740,completed
SE002084,ST013,2,2026-06-28 07:31:00,2026-06-28 10:28:00,5.483,completed
SE002085,ST014,1,2026-06-28 07:34:00,2026-06-28 13:18:00,31.048,completed
SE002086,ST002,1,2026-06-28 08:06:00,2026-06-28 10:17:00,15.704,completed
SE002087,ST013,1,2026-06-28 08:24:00,2026-06-28 08:27:00,0.000,failed
SE002088,ST017,5,2026-06-28 08:43:00,2026-06-28 10:45:00,32.059,completed
SE002089,ST015,2,2026-06-28 08:57:00,2026-06-28 13:03:00,30.429,completed
SE002090,ST007,3,2026-06-28 09:25:00,2026-06-28 10:35:00,6.521,completed
SE002091,ST013,3,2026-06-28 09:26:00,2026-06-28 11:56:00,3.228,completed
SE002092,ST002,6,2026-06-28 09:27:00,2026-06-28 12:22:00,14.282,completed
SE002093,ST016,4,2026-06-28 09:28:00,2026-06-28 12:59:00,13.111,completed
SE002094,ST003,1,2026-06-28 09:36:00,2026-06-28 12:01:00,8.742,completed
SE002095,ST015,1,2026-06-28 09:45:00,2026-06-28 11:51:00,4.799,completed
SE002096,ST017,6,2026-06-28 09:49:00,2026-06-28 11:30:00,22.476,completed
SE002097,ST016,5,2026-06-28 10:07:00,2026-06-28 14:50:00,15.049,completed
SE002098,ST002,1,2026-06-28 10:28:00,2026-06-28 17:35:00,58.592,completed
SE002099,ST013,6,2026-06-28 10:36:00,2026-06-28 15:11:00,8.350,completed
SE002100,ST006,1,2026-06-28 11:42:00,2026-06-28 13:26:00,7.512,completed
SE002101,ST015,4,2026-06-28 11:50:00,2026-06-28 12:57:00,2.736,completed
SE002102,ST018,1,2026-06-28 11:54:00,2026-06-28 15:09:00,52.669,completed
SE002103,ST007,4,2026-06-28 12:06:00,2026-06-28 12:26:00,2.652,completed
SE002104,ST007,1,2026-06-28 12:30:00,2026-06-28 14:53:00,2.679,completed
SE002105,ST017,3,2026-06-28 12:33:00,2026-06-28 13:04:00,4.990,completed
SE002106,ST007,4,2026-06-28 12:48:00,2026-06-28 13:56:00,4.028,completed
SE002107,ST017,5,2026-06-28 12:50:00,2026-06-28 13:54:00,4.060,completed
SE002108,ST007,3,2026-06-28 13:35:00,2026-06-28 15:27:00,11.850,completed
SE002109,ST016,6,2026-06-28 13:47:00,2026-06-28 21:33:00,33.316,completed
SE002110,ST016,3,2026-06-28 14:24:00,2026-06-28 22:48:00,58.370,completed
SE002111,ST017,5,2026-06-28 14:33:00,2026-06-28 15:19:00,10.857,completed
SE002112,ST006,2,2026-06-28 14:35:00,2026-06-28 16:16:00,24.365,completed
SE002113,ST012,5,2026-06-28 14:49:00,2026-06-28 19:06:00,38.418,completed
SE002114,ST020,2,2026-06-28 14:49:00,2026-06-28 17:30:00,11.912,completed
SE002115,ST017,6,2026-06-28 14:59:00,2026-06-28 15:53:00,9.443,completed
SE002116,ST017,3,2026-06-28 15:12:00,2026-06-28 17:33:00,37.985,completed
SE002117,ST017,4,2026-06-28 15:40:00,2026-06-28 17:09:00,3.400,completed
SE002118,ST017,2,2026-06-28 15:44:00,2026-06-28 17:13:00,21.234,completed
SE002119,ST015,3,2026-06-28 15:49:00,2026-06-28 18:58:00,16.313,completed
SE002120,ST018,1,2026-06-28 15:54:00,2026-06-28 18:14:00,29.713,completed
SE002121,ST007,3,2026-06-28 16:01:00,2026-06-28 16:35:00,2.985,completed
SE002122,ST014,3,2026-06-28 16:11:00,2026-06-28 17:28:00,17.653,completed
SE002123,ST013,4,2026-06-28 16:30:00,2026-06-28 18:07:00,2.145,completed
SE002124,ST017,5,2026-06-28 16:31:00,2026-06-28 17:26:00,9.540,completed
SE002125,ST017,1,2026-06-28 16:38:00,2026-06-28 17:30:00,2.578,completed
SE002126,ST006,2,2026-06-28 16:39:00,2026-06-28 18:19:00,17.078,completed
SE002127,ST009,1,2026-06-28 16:58:00,2026-06-28 23:37:00,37.469,completed
SE002128,ST020,1,2026-06-28 17:07:00,2026-06-29 02:29:00,67.927,completed
SE002129,ST009,2,2026-06-28 17:25:00,2026-06-28 21:59:00,18.768,completed
SE002130,ST010,2,2026-06-28 18:07:00,2026-06-28 19:14:00,5.636,completed
SE002131,ST019,3,2026-06-28 18:21:00,2026-06-29 01:53:00,23.338,completed
SE002132,ST007,3,2026-06-28 18:28:00,2026-06-28 20:16:00,2.304,completed
SE002133,ST007,1,2026-06-28 18:30:00,2026-06-28 20:39:00,14.194,completed
SE002134,ST017,5,2026-06-28 19:00:00,2026-06-28 20:50:00,8.093,completed
SE002135,ST007,4,2026-06-28 19:02:00,2026-06-28 19:45:00,1.352,completed
SE002136,ST017,3,2026-06-28 19:09:00,2026-06-28 19:17:00,0.000,failed
SE002137,ST005,2,2026-06-28 19:11:00,2026-06-29 04:44:00,24.640,completed
SE002138,ST016,5,2026-06-28 19:16:00,2026-06-28 19:24:00,0.000,failed
SE002139,ST017,2,2026-06-28 19:42:00,2026-06-28 21:26:00,8.837,completed
SE002140,ST016,4,2026-06-28 20:18:00,2026-06-29 01:32:00,10.091,completed
SE002141,ST016,5,2026-06-28 20:45:00,2026-06-29 00:42:00,13.578,completed
SE002142,ST004,2,2026-06-28 21:18:00,2026-06-29 06:32:00,26.222,completed
SE002143,ST004,3,2026-06-28 21:34:00,2026-06-29 00:30:00,25.544,completed
SE002144,ST016,2,2026-06-28 23:25:00,2026-06-29 02:03:00,19.772,completed
SE002145,ST005,1,2026-06-28 23:39:00,2026-06-29 04:02:00,19.878,completed
SE002146,ST013,1,2026-06-29 00:17:00,2026-06-29 05:39:00,23.095,completed
SE002147,ST008,2,2026-06-29 01:37:00,2026-06-29 07:21:00,19.779,completed
SE002148,ST012,2,2026-06-29 01:41:00,2026-06-29 07:30:00,64.558,completed
SE002149,ST012,3,2026-06-29 01:52:00,2026-06-29 07:06:00,17.181,completed
SE002150,ST017,4,2026-06-29 02:19:00,2026-06-29 03:59:00,26.299,completed
SE002151,ST016,6,2026-06-29 02:58:00,2026-06-29 08:57:00,38.911,completed
SE002152,ST006,1,2026-06-29 04:48:00,2026-06-29 05:28:00,10.621,completed
SE002153,ST007,1,2026-06-29 04:55:00,2026-06-29 07:11:00,15.272,completed
SE002154,ST017,6,2026-06-29 05:07:00,2026-06-29 07:03:00,18.772,completed
SE002155,ST009,2,2026-06-29 05:18:00,2026-06-29 11:46:00,37.083,completed
SE002156,ST012,4,2026-06-29 05:45:00,2026-06-29 13:22:00,24.610,completed
SE002157,ST019,3,2026-06-29 06:34:00,2026-06-29 13:58:00,14.438,completed
SE002158,ST005,1,2026-06-29 06:57:00,2026-06-29 15:38:00,56.190,completed
SE002159,ST017,4,2026-06-29 07:20:00,2026-06-29 07:40:00,2.475,completed
SE002160,ST012,1,2026-06-29 07:30:00,2026-06-29 12:19:00,40.933,completed
SE002161,ST007,2,2026-06-29 07:47:00,2026-06-29 08:10:00,1.293,completed
SE002162,ST003,4,2026-06-29 07:51:00,2026-06-29 09:46:00,2.287,completed
SE002163,ST016,1,2026-06-29 07:51:00,2026-06-29 12:51:00,29.585,completed
SE002164,ST012,3,2026-06-29 07:56:00,2026-06-29 13:28:00,18.356,completed
SE002165,ST019,2,2026-06-29 07:57:00,2026-06-29 10:22:00,5.418,completed
SE002166,ST002,1,2026-06-29 08:07:00,2026-06-29 10:58:00,21.782,completed
SE002167,ST019,1,2026-06-29 08:09:00,2026-06-29 13:25:00,18.481,completed
SE002168,ST007,3,2026-06-29 08:49:00,2026-06-29 10:47:00,4.860,completed
SE002169,ST011,1,2026-06-29 08:50:00,2026-06-29 10:37:00,4.078,completed
SE002170,ST003,2,2026-06-29 09:06:00,2026-06-29 11:09:00,6.287,completed
SE002171,ST016,2,2026-06-29 09:07:00,2026-06-29 15:57:00,13.632,completed
SE002172,ST014,4,2026-06-29 09:25:00,2026-06-29 14:10:00,46.972,completed
SE002173,ST014,2,2026-06-29 09:48:00,2026-06-29 13:28:00,43.128,completed
SE002174,ST003,3,2026-06-29 09:55:00,2026-06-29 12:04:00,6.876,completed
SE002175,ST017,5,2026-06-29 10:09:00,2026-06-29 11:03:00,10.267,completed
SE002176,ST017,2,2026-06-29 10:16:00,2026-06-29 10:48:00,6.706,completed
SE002177,ST002,2,2026-06-29 10:18:00,2026-06-29 13:16:00,18.085,completed
SE002178,ST002,5,2026-06-29 10:33:00,2026-06-29 11:35:00,5.552,completed
SE002179,ST013,2,2026-06-29 10:37:00,2026-06-29 12:59:00,15.085,completed
SE002180,ST017,3,2026-06-29 10:37:00,2026-06-29 13:07:00,13.210,completed
SE002181,ST008,4,2026-06-29 10:39:00,2026-06-29 11:39:00,6.440,completed
SE002182,ST013,5,2026-06-29 10:49:00,2026-06-29 13:15:00,6.713,completed
SE002183,ST002,4,2026-06-29 11:19:00,2026-06-29 18:54:00,50.596,completed
SE002184,ST013,3,2026-06-29 11:23:00,2026-06-29 19:23:00,25.958,completed
SE002185,ST011,2,2026-06-29 11:39:00,2026-06-29 11:42:00,0.000,failed
SE002186,ST017,2,2026-06-29 11:55:00,2026-06-29 11:58:00,0.000,failed
SE002187,ST013,4,2026-06-29 12:09:00,2026-06-29 17:20:00,13.800,completed
SE002188,ST018,1,2026-06-29 12:11:00,2026-06-29 12:58:00,4.639,completed
SE002189,ST009,2,2026-06-29 12:36:00,2026-06-29 18:21:00,36.971,completed
SE002190,ST017,6,2026-06-29 12:50:00,2026-06-29 15:19:00,36.420,completed
SE002191,ST010,1,2026-06-29 13:06:00,2026-06-29 15:02:00,14.554,completed
SE002192,ST013,2,2026-06-29 13:15:00,2026-06-29 17:17:00,26.214,completed
SE002193,ST017,3,2026-06-29 13:44:00,2026-06-29 14:47:00,13.103,completed
SE002194,ST015,1,2026-06-29 13:50:00,2026-06-29 18:06:00,20.060,completed
SE002195,ST007,1,2026-06-29 14:22:00,2026-06-29 16:05:00,13.522,completed
SE002196,ST013,6,2026-06-29 14:26:00,2026-06-29 17:36:00,8.858,completed
SE002197,ST017,2,2026-06-29 14:26:00,2026-06-29 16:12:00,3.361,completed
SE002198,ST002,5,2026-06-29 14:37:00,2026-06-29 18:25:00,11.997,completed
SE002199,ST017,3,2026-06-29 14:59:00,2026-06-29 15:45:00,8.640,completed
SE002200,ST007,4,2026-06-29 15:44:00,2026-06-29 16:35:00,1.156,completed
SE002201,ST017,6,2026-06-29 15:54:00,2026-06-29 17:30:00,23.543,completed
SE002202,ST017,5,2026-06-29 16:02:00,2026-06-29 18:30:00,37.213,completed
SE002203,ST002,3,2026-06-29 16:05:00,2026-06-29 22:06:00,19.447,completed
SE002204,ST017,1,2026-06-29 16:06:00,2026-06-29 16:42:00,1.968,completed
SE002205,ST003,1,2026-06-29 16:20:00,2026-06-29 17:52:00,12.333,completed
SE002206,ST007,1,2026-06-29 16:41:00,2026-06-29 18:25:00,12.000,completed
SE002207,ST002,6,2026-06-29 16:55:00,2026-06-29 19:39:00,19.021,completed
SE002208,ST003,4,2026-06-29 17:01:00,2026-06-29 18:11:00,5.425,completed
SE002209,ST003,3,2026-06-29 17:02:00,2026-06-29 17:09:00,0.000,failed
SE002210,ST011,5,2026-06-29 17:05:00,2026-06-29 19:31:00,7.738,completed
SE002211,ST004,3,2026-06-29 17:09:00,2026-06-29 17:16:00,0.000,failed
SE002212,ST011,1,2026-06-29 17:15:00,2026-06-29 18:59:00,2.565,completed
SE002213,ST020,1,2026-06-29 17:30:00,2026-06-29 17:36:00,0.000,failed
SE002214,ST011,3,2026-06-29 17:32:00,2026-06-29 18:32:00,4.452,completed
SE002215,ST016,1,2026-06-29 17:39:00,2026-06-30 00:04:00,24.834,completed
SE002216,ST006,1,2026-06-29 17:41:00,2026-06-29 19:05:00,8.238,completed
SE002217,ST019,3,2026-06-29 17:49:00,2026-06-29 22:20:00,15.980,completed
SE002218,ST013,6,2026-06-29 17:53:00,2026-06-29 20:30:00,16.278,completed
SE002219,ST005,4,2026-06-29 18:06:00,2026-06-30 01:15:00,35.243,completed
SE002220,ST007,4,2026-06-29 18:17:00,2026-06-29 20:36:00,6.450,completed
SE002221,ST016,5,2026-06-29 18:17:00,2026-06-29 20:39:00,15.273,completed
SE002222,ST003,3,2026-06-29 18:36:00,2026-06-29 20:28:00,6.170,completed
SE002223,ST017,5,2026-06-29 19:08:00,2026-06-29 19:58:00,9.484,completed
SE002224,ST017,6,2026-06-29 19:14:00,2026-06-29 19:37:00,5.844,completed
SE002225,ST019,1,2026-06-29 19:14:00,2026-06-30 03:28:00,28.502,completed
SE002226,ST011,1,2026-06-29 19:17:00,2026-06-29 21:34:00,1.742,completed
SE002227,ST020,1,2026-06-29 19:30:00,2026-06-30 03:02:00,22.399,completed
SE002228,ST005,3,2026-06-29 19:54:00,2026-06-30 01:32:00,39.790,completed
SE002229,ST011,3,2026-06-29 19:55:00,2026-06-29 21:19:00,3.552,completed
SE002230,ST019,2,2026-06-29 20:28:00,2026-06-29 23:44:00,15.325,completed
SE002231,ST011,2,2026-06-29 20:54:00,2026-06-29 21:01:00,0.000,failed
SE002232,ST007,3,2026-06-29 21:03:00,2026-06-29 21:26:00,1.169,completed
SE002233,ST020,2,2026-06-29 21:03:00,2026-06-30 04:04:00,67.111,completed
SE002234,ST016,2,2026-06-29 22:06:00,2026-06-30 03:23:00,9.590,completed
SE002235,ST009,2,2026-06-29 22:17:00,2026-06-30 03:24:00,41.088,completed
SE002236,ST006,2,2026-06-29 22:44:00,2026-06-30 01:09:00,8.408,completed
SE002237,ST003,3,2026-06-29 23:04:00,2026-06-30 00:59:00,7.490,completed
SE002238,ST012,1,2026-06-29 23:05:00,2026-06-30 05:44:00,53.646,completed
SE002239,ST012,2,2026-06-29 23:07:00,2026-06-30 03:06:00,23.724,completed
SE002240,ST013,1,2026-06-29 23:32:00,2026-06-30 07:07:00,27.319,completed
SE002241,ST015,2,2026-06-30 00:03:00,2026-06-30 05:48:00,33.688,completed
SE002242,ST019,3,2026-06-30 01:05:00,2026-06-30 04:42:00,20.022,completed
SE002243,ST005,4,2026-06-30 01:20:00,2026-06-30 07:21:00,35.141,completed
SE002244,ST011,2,2026-06-30 05:08:00,2026-06-30 05:37:00,2.418,completed
SE002245,ST008,3,2026-06-30 05:29:00,2026-06-30 09:50:00,31.651,completed
SE002246,ST010,4,2026-06-30 06:18:00,2026-06-30 07:11:00,2.401,completed
SE002247,ST016,6,2026-06-30 06:46:00,2026-06-30 15:01:00,63.008,completed
SE002248,ST008,2,2026-06-30 07:12:00,2026-06-30 10:25:00,6.592,completed
SE002249,ST013,4,2026-06-30 07:13:00,2026-06-30 10:41:00,15.393,completed
SE002250,ST008,1,2026-06-30 07:16:00,2026-06-30 08:56:00,12.868,completed
SE002251,ST018,2,2026-06-30 07:24:00,2026-06-30 15:09:00,74.767,completed
SE002252,ST012,4,2026-06-30 07:35:00,2026-06-30 09:13:00,20.433,completed
SE002253,ST013,2,2026-06-30 07:40:00,2026-06-30 12:58:00,8.669,completed
SE002254,ST017,4,2026-06-30 07:40:00,2026-06-30 08:08:00,7.460,completed
SE002255,ST010,3,2026-06-30 07:43:00,2026-06-30 08:50:00,9.532,completed
SE002256,ST015,1,2026-06-30 08:26:00,2026-06-30 09:56:00,11.337,completed
SE002257,ST008,4,2026-06-30 09:10:00,2026-06-30 11:42:00,17.477,completed
SE002258,ST007,4,2026-06-30 09:11:00,2026-06-30 10:21:00,2.287,completed
SE002259,ST020,2,2026-06-30 09:20:00,2026-06-30 17:15:00,45.442,completed
SE002260,ST018,1,2026-06-30 09:29:00,2026-06-30 09:34:00,0.000,failed
SE002261,ST007,3,2026-06-30 09:32:00,2026-06-30 10:52:00,5.872,completed
SE002262,ST008,5,2026-06-30 09:32:00,2026-06-30 16:01:00,53.248,completed
SE002263,ST006,1,2026-06-30 09:45:00,2026-06-30 11:22:00,11.645,completed
SE002264,ST013,3,2026-06-30 09:50:00,2026-06-30 16:23:00,37.778,completed
SE002265,ST017,3,2026-06-30 09:51:00,2026-06-30 11:10:00,4.311,completed
SE002266,ST008,3,2026-06-30 10:04:00,2026-06-30 11:47:00,7.594,completed
SE002267,ST008,2,2026-06-30 10:34:00,2026-06-30 13:35:00,20.429,completed
SE002268,ST006,1,2026-06-30 11:41:00,2026-06-30 12:48:00,14.528,completed
SE002269,ST016,2,2026-06-30 11:53:00,2026-06-30 14:06:00,3.123,completed
SE002270,ST017,1,2026-06-30 12:01:00,2026-06-30 13:57:00,11.415,completed
SE002271,ST018,1,2026-06-30 12:04:00,2026-06-30 13:33:00,11.333,completed
SE002272,ST017,4,2026-06-30 12:16:00,2026-06-30 13:37:00,6.845,completed
SE002273,ST002,4,2026-06-30 12:25:00,2026-06-30 18:23:00,32.019,completed
SE002274,ST008,1,2026-06-30 12:31:00,2026-06-30 19:18:00,10.898,completed
SE002275,ST017,2,2026-06-30 12:31:00,2026-06-30 13:24:00,11.748,completed
SE002276,ST005,1,2026-06-30 12:40:00,2026-06-30 17:06:00,23.857,completed
SE002277,ST011,5,2026-06-30 12:44:00,2026-06-30 14:58:00,2.309,completed
SE002278,ST010,1,2026-06-30 13:11:00,2026-06-30 15:38:00,19.196,completed
SE002279,ST011,4,2026-06-30 13:28:00,2026-06-30 14:25:00,3.941,completed
SE002280,ST017,2,2026-06-30 13:41:00,2026-06-30 15:55:00,21.216,completed
SE002281,ST017,5,2026-06-30 13:41:00,2026-06-30 16:10:00,32.692,completed
SE002282,ST007,4,2026-06-30 13:43:00,2026-06-30 14:15:00,3.421,completed
SE002283,ST017,4,2026-06-30 14:13:00,2026-06-30 16:32:00,13.325,completed
SE002284,ST017,6,2026-06-30 14:28:00,2026-06-30 15:54:00,5.915,completed
SE002285,ST016,4,2026-06-30 15:02:00,2026-06-30 17:56:00,15.380,completed
SE002286,ST010,2,2026-06-30 15:07:00,2026-06-30 16:53:00,23.700,completed
SE002287,ST012,1,2026-06-30 15:18:00,2026-06-30 23:04:00,124.691,completed
SE002288,ST003,1,2026-06-30 15:53:00,2026-06-30 18:00:00,16.200,completed
SE002289,ST017,3,2026-06-30 16:24:00,2026-06-30 17:58:00,4.202,completed
SE002290,ST011,5,2026-06-30 16:25:00,2026-06-30 18:54:00,9.660,completed
SE002291,ST015,2,2026-06-30 16:28:00,2026-06-30 18:46:00,18.673,completed
SE002292,ST015,3,2026-06-30 16:39:00,2026-06-30 19:51:00,10.392,completed
SE002293,ST017,6,2026-06-30 17:15:00,2026-06-30 18:39:00,22.505,completed
SE002294,ST011,2,2026-06-30 17:21:00,2026-06-30 19:41:00,7.377,completed
SE002295,ST011,4,2026-06-30 18:10:00,2026-06-30 20:18:00,3.892,completed
SE002296,ST010,6,2026-06-30 18:20:00,2026-06-30 20:14:00,25.078,completed
SE002297,ST006,2,2026-06-30 18:58:00,2026-06-30 20:06:00,18.524,completed
SE002298,ST011,5,2026-06-30 19:03:00,2026-06-30 19:33:00,0.641,completed
SE002299,ST017,2,2026-06-30 19:21:00,2026-06-30 20:41:00,10.787,completed
SE002300,ST010,3,2026-06-30 19:22:00,2026-06-30 21:15:00,30.373,completed
SE002301,ST004,1,2026-06-30 19:25:00,2026-06-30 21:30:00,28.908,completed
SE002302,ST009,2,2026-06-30 19:50:00,,26.381,ongoing
SE002303,ST016,2,2026-06-30 19:58:00,,22.804,ongoing
SE002304,ST016,6,2026-06-30 20:13:00,,23.479,ongoing
SE002305,ST010,2,2026-06-30 20:35:00,2026-06-30 22:03:00,12.580,completed
SE002306,ST008,5,2026-06-30 20:50:00,,22.200,ongoing
SE002307,ST020,1,2026-06-30 20:50:00,,49.476,ongoing
SE002308,ST004,2,2026-06-30 20:56:00,2026-06-30 23:58:00,45.793,completed
SE002309,ST017,1,2026-06-30 20:57:00,2026-06-30 22:45:00,16.382,completed
SE002310,ST005,2,2026-06-30 21:16:00,,2.919,ongoing
SE002311,ST015,4,2026-06-30 22:12:00,,1.617,ongoing
SE002312,ST016,5,2026-06-30 22:20:00,,4.203,ongoing
SE002313,ST020,2,2026-06-30 22:20:00,,23.786,ongoing
SE002314,ST015,1,2026-06-30 22:48:00,,6.239,ongoing
SE002315,ST003,1,2026-06-30 23:00:00,,5.442,ongoing
SE002316,ST017,6,2026-06-30 23:20:00,,7.124,ongoing
SE002317,ST011,3,2026-06-30 23:32:00,,0.763,ongoing
SE002318,ST010,3,2026-06-30 23:41:00,,3.002,ongoing
